amount,account_age_days,velocity_1h,location_mismatch,is_fraud
15895,630,9,0,0
960,1769,14,1,1
38258,1223,8,0,1
44832,718,5,0,0
11384,1437,6,0,0
6365,339,11,0,0
16950,659,12,0,0
37294,962,10,0,1
22062,1961,1,0,0
47291,429,10,1,1
44231,1807,12,1,1
16123,899,1,0,0
41190,139,4,0,0
1785,1717,2,0,0
869,942,11,0,0
2533,542,7,0,0
5411,57,2,0,0
37919,1256,10,0,1
39288,658,2,0,0
17668,435,5,0,0
19869,384,4,0,0
28793,560,8,0,1
6496,194,4,1,0
27580,1760,14,0,1
41534,1672,12,0,1
25758,534,6,0,1
19042,518,5,0,0
18531,716,11,1,1
2847,751,14,0,0
289,185,2,0,0
19218,1896,11,0,0
35873,292,13,0,1
1999,1359,12,0,0
1367,732,14,0,0
31651,116,8,0,1
11494,825,2,0,0
3656,1073,9,0,0
3990,685,9,1,1
41706,82,3,0,0
30840,834,4,0,0
14602,333,8,0,0
21877,557,9,0,1
10727,335,3,0,0
8892,532,5,0,0
43423,1984,11,0,1
43121,221,8,0,1
8533,635,3,0,0
43101,1770,7,0,1
11116,1757,11,0,0
23997,323,8,0,1
2712,1875,10,0,0
23583,3,11,0,1
48655,1718,14,1,1
17259,206,3,0,0
45074,1856,2,0,0
41094,40,10,0,1
14641,59,13,0,0
36020,951,7,0,1
26631,574,12,0,1
1685,644,9,0,0
4043,1531,1,0,0
24039,1596,3,0,0
19557,1908,5,0,0
1121,843,3,0,0
11753,1146,1,0,0
43673,1503,7,0,1
13517,619,7,0,0
40857,96,10,0,1
9792,1883,12,0,0
45858,1438,8,0,1
6973,1259,5,0,0
5775,898,10,0,0
261,1086,12,0,0
37165,1280,5,1,1
26657,561,5,0,0
33863,905,1,0,0
32706,348,10,0,1
11634,671,5,0,0
29227,1148,6,0,1
40497,1506,13,0,1
25951,317,12,0,1
1116,1528,1,0,0
24353,719,11,0,1
24376,1072,7,0,1
23347,1433,1,0,0
24400,1956,11,0,1
8629,1160,2,0,0
17362,1225,2,0,0
9368,250,5,0,0
21371,314,14,0,1
12285,1893,10,0,0
21343,1392,13,0,1
39199,1453,7,0,1
8671,1854,1,0,0
40076,807,10,1,1
38144,1504,1,0,0
49316,1338,1,0,0
49084,1524,6,0,1
40874,1745,2,0,0
2668,1379,1,0,0
2127,485,6,0,0
2795,1235,14,0,0
48290,1728,2,0,0
5358,44,6,0,0
22102,1565,10,0,1
39604,571,8,0,1
33259,583,2,0,0
14086,1116,11,0,0
12766,1289,9,0,0
38760,895,8,0,1
3661,220,12,0,0
26954,1926,10,0,1
39052,925,1,0,0
22762,1466,7,0,1
8492,401,14,0,0
30635,1424,13,0,1
13167,727,10,0,0
48133,991,6,0,1
23699,899,14,0,1
35322,1813,6,0,1
11937,1600,6,0,0
14139,858,6,0,0
30918,804,10,0,1
19215,490,7,0,0
11065,1509,12,0,0
24638,1781,3,0,0
42630,1494,14,1,1
5156,1598,6,0,0
32582,938,3,0,0
47816,844,7,0,1
8210,1706,7,0,0
13873,1469,8,0,0
27366,1293,2,0,0
17512,267,9,0,0
33370,54,13,0,1
7010,528,5,0,0
45553,1544,9,0,1
25546,616,10,0,1
306,1083,5,0,0
21618,1849,7,0,1
22461,1064,11,0,1
23519,1261,9,0,1
48802,955,4,0,0
41623,386,2,0,0
45251,1630,9,0,1
22503,734,13,0,1
18241,716,2,0,0
14920,650,3,0,0
40442,300,10,0,1
6474,395,2,0,0
1778,1231,3,0,0
33927,1360,6,1,1
16298,593,3,0,0
10014,1754,10,0,0
27990,514,8,0,1
22399,1202,11,0,1
43685,396,6,0,1
43789,371,7,1,1
42657,858,1,0,0
49180,791,3,1,1
44120,658,3,0,0
2793,1342,2,0,0
29567,736,7,0,1
29823,1393,9,0,1
46799,384,4,0,0
3727,62,12,0,0
26039,1830,5,0,0
49025,505,3,0,0
43041,239,11,0,1
21934,195,9,0,1
18147,678,14,0,0
26205,1987,4,0,0
10330,1246,5,0,0
15807,61,1,0,0
22076,1153,11,0,1
44362,990,12,0,1
23876,685,13,0,1
30180,156,2,1,1
1406,1941,12,0,0
6876,1402,13,0,0
27351,1646,9,0,1
9574,1805,2,1,0
40394,923,5,0,0
22059,868,13,0,1
5630,903,8,1,1
29420,1814,3,1,1
3848,1610,6,1,1
32068,999,4,0,0
32662,1461,11,0,1
13645,975,7,0,0
763,1231,10,0,0
34866,388,14,0,1
8094,1504,13,0,0
28121,1815,3,0,0
30403,887,6,0,1
3404,838,12,0,0
46676,1364,10,0,1
39453,1893,9,0,1
17775,340,11,0,0
44517,204,10,0,1
24038,161,1,0,0
23764,1564,3,1,1
1736,392,2,0,0
20180,769,8,0,1
27828,1701,7,0,1
49950,575,2,0,0
26836,534,6,0,1
28773,1094,3,0,0
37605,893,8,0,1
47423,405,10,1,1
46745,608,13,0,1
954,1699,3,0,0
24648,1615,10,0,1
38723,1541,14,0,1
7492,828,9,0,0
46817,1144,1,0,0
21656,1838,5,0,0
38659,690,3,0,0
26409,1712,6,0,1
22019,902,10,0,1
5031,1241,2,1,0
33070,56,9,0,1
44315,366,6,0,1
12788,1723,7,0,0
25442,1528,5,1,1
37257,1768,9,0,1
2427,1791,1,0,0
40872,1949,5,0,0
40645,455,11,0,1
297,104,10,0,0
23609,77,11,0,1
34798,230,6,0,1
44642,1938,7,0,1
15187,1282,12,0,0
22771,1288,4,0,0
25284,331,12,0,1
27948,1206,13,0,1
42207,893,1,0,0
20766,1792,11,0,1
44457,1574,8,0,1
15808,688,10,0,0
26470,27,4,0,1
49911,1300,3,0,0
2911,1676,12,0,0
47111,299,7,1,1
6646,957,12,0,0
34854,799,2,0,0
30306,1115,8,0,1
41206,480,14,0,1
11511,573,6,0,0
3011,458,7,0,0
1834,1475,14,1,1
18327,365,5,0,0
8780,859,9,0,0
19460,1699,5,0,0
18443,351,11,0,0
5859,1679,5,0,0
23178,1424,3,0,0
35253,253,11,1,1
11211,781,1,0,0
37604,1905,2,0,0
1902,803,8,0,0
8255,1012,1,0,0
8220,459,7,0,0
39484,1723,14,0,1
47125,917,14,0,1
47354,499,5,0,0
22018,950,3,1,1
20545,1995,12,0,1
30406,1950,12,0,1
16746,508,11,0,0
46943,1328,7,0,1
31165,501,9,0,1
25299,803,2,0,0
42076,598,8,0,1
16471,166,9,0,0
11935,1439,11,0,0
46036,462,3,0,0
2149,920,2,0,0
31716,114,7,0,1
38291,1457,5,0,0
47457,992,5,0,0
21032,1380,10,0,1
29955,1952,5,0,0
7258,1719,4,0,0
43116,207,13,0,1
7500,1792,5,0,0
42742,1259,13,0,1
15251,1466,4,0,0
1254,1379,13,0,0
4599,515,6,0,0
6395,1232,4,0,0
12283,709,2,0,0
29399,1877,9,0,1
12974,1149,2,0,0
32811,138,9,0,1
5639,339,10,0,0
42505,537,6,0,1
48454,68,9,0,1
2657,1597,9,1,1
38460,1565,3,0,0
16582,383,1,0,0
2300,19,1,0,0
47040,683,3,0,0
3061,1474,5,0,0
47075,74,13,0,1
21457,573,3,0,0
12069,939,12,1,1
2969,1689,9,0,0
46860,1300,9,0,1
28743,1072,3,0,0
24836,211,3,0,0
38567,855,12,0,1
23428,1944,14,0,1
25976,651,5,1,1
21395,1646,2,0,0
4087,994,6,0,0
22499,695,7,1,1
46314,540,13,0,1
34086,1733,9,0,1
20980,1215,6,0,1
4835,1339,3,0,0
44164,901,12,0,1
4655,1587,5,0,0
42014,1685,4,0,0
40918,780,5,0,0
45625,1586,8,0,1
19930,1924,8,0,0
17529,1782,6,1,1
6993,1137,1,0,0
14473,170,8,0,0
47433,1492,8,0,1
3536,1702,2,0,0
8854,1945,4,0,0
10777,1038,12,0,0
5995,1739,2,0,0
19838,288,4,0,0
30846,1931,12,0,1
49477,189,13,0,1
48504,914,13,0,1
32452,1179,10,0,1
39890,1591,7,0,1
42019,694,9,0,1
5700,1746,14,1,1
29224,888,14,0,1
27743,471,8,0,1
40864,1099,12,0,1
9107,277,9,0,0
45814,940,8,0,1
37510,1669,2,0,0
44180,1367,7,0,1
40547,1449,2,0,0
8308,571,13,1,1
18689,1535,12,1,1
43584,857,11,0,1
17553,1001,2,0,0
36312,1206,4,0,0
43625,458,1,1,1
47302,918,5,0,0
32735,1875,6,0,1
33928,833,9,1,1
18811,1088,10,0,0
3520,839,8,0,0
31316,1284,2,0,0
401,193,1,1,0
45336,1679,2,0,0
49858,616,7,0,1
799,1996,4,0,0
290,406,10,0,0
10592,1750,5,0,0
35843,1778,12,0,1
6202,943,7,1,1
19878,721,3,0,0
26741,93,10,1,1
34684,430,2,0,0
32845,654,13,0,1
23193,1458,7,0,1
669,1428,5,0,0
38310,434,14,0,1
34763,1136,1,0,0
36731,1953,1,0,0
45781,375,9,0,1
7555,1083,5,1,0
4114,1067,1,0,0
11193,207,7,0,0
18170,780,9,0,0
35877,1320,11,0,1
16638,1142,1,0,0
10829,532,10,0,0
34277,1246,14,0,1
45117,166,13,1,1
884,643,4,0,0
27851,1180,14,0,1
40964,1208,3,0,0
40428,90,5,0,0
12633,1118,7,0,0
40211,13,8,0,1
40074,973,13,1,1
5901,1858,2,0,0
19290,805,7,0,0
49789,945,14,1,1
38854,742,14,0,1
29692,1858,1,0,0
10747,1828,7,0,0
8816,1462,8,0,0
23455,1562,2,0,0
22109,1611,9,0,1
24476,1992,1,0,0
45191,876,13,0,1
4880,1960,6,1,1
2468,1835,1,0,0
12139,1174,3,0,0
6755,660,11,0,0
41041,1032,6,0,1
4595,1053,3,0,0
10993,296,8,0,0
25647,986,5,0,0
22486,926,2,0,0
13503,1745,4,0,0
32197,640,9,0,1
13221,340,4,0,0
11066,628,10,0,0
33721,439,10,0,1
28412,1168,8,0,1
49826,942,5,0,0
22777,830,11,0,1
31389,1771,11,1,1
31124,519,10,1,1
42775,976,13,1,1
4877,1069,13,0,0
29849,955,14,0,1
15438,1263,1,0,0
2591,952,7,1,1
27336,944,3,0,0
48196,155,10,0,1
14699,1205,8,0,0
19608,1239,14,0,0
3151,88,12,0,0
48847,1280,3,0,0
49256,1535,1,0,0
21706,1097,5,0,0
21799,931,2,0,0
976,179,11,0,0
32193,212,4,1,1
4242,1829,1,0,0
15302,1258,9,0,0
39834,465,6,0,1
7179,1775,8,0,0
8087,1247,11,0,0
39667,631,4,0,0
29040,825,9,0,1
37333,1288,2,0,0
17119,1231,9,0,0
46285,607,12,0,1
18177,885,5,0,0
26358,1758,13,0,1
21236,366,6,0,1
8411,276,3,0,0
17314,380,4,0,0
14198,1767,6,0,0
28351,1333,7,0,1
38045,1655,1,0,0
47130,1292,7,0,1
26045,945,1,0,0
25416,1809,5,0,0
32317,1088,6,1,1
8408,810,13,0,0
6049,1374,2,0,0
1250,925,13,0,0
24044,1939,10,0,1
34799,494,9,0,1
9304,1547,14,0,0
1181,1122,10,0,0
29405,1970,6,0,1
16996,1095,7,0,0
46275,364,14,0,1
7905,570,10,0,0
5337,1826,8,0,0
49811,763,11,0,1
20156,276,13,0,1
45643,50,10,0,1
49112,1382,1,1,1
46052,728,14,0,1
3443,906,8,0,0
13600,928,4,0,0
29475,564,10,0,1
9762,783,8,0,0
17064,485,13,0,0
47993,1108,6,0,1
8230,1923,11,1,1
19631,1829,9,0,0
1779,1662,11,0,0
3606,1832,4,1,0
13384,584,2,0,0
7353,1320,14,0,0
19228,236,2,0,0
28032,56,5,0,0
9535,1943,10,0,0
44178,360,9,0,1
13396,1931,12,0,0
30545,110,3,0,0
13345,192,8,0,0
29224,904,4,0,0
29999,1117,6,0,1
44019,862,10,1,1
43325,568,6,0,1
35347,1084,3,1,1
29322,650,14,0,1
26311,39,5,0,0
37320,1564,12,0,1
26746,1073,3,0,0
38749,1444,11,1,1
23149,637,11,0,1
14169,1037,1,0,0
32680,36,7,0,1
31943,101,4,0,0
2949,1818,14,0,0
40258,1110,7,0,1
23389,1540,3,0,0
44790,1247,12,0,1
35357,1362,11,0,1
9923,1984,5,0,0
42075,166,5,0,0
9640,383,13,0,0
16464,1880,2,0,0
4711,1919,11,0,0
27763,1400,10,0,1
38746,1495,12,0,1
31077,790,2,0,0
29268,1666,4,0,0
49215,31,4,0,0
25571,1399,4,0,0
22787,11,6,0,1
951,1326,2,0,0
18171,96,6,0,0
6933,1214,7,0,0
12038,453,11,0,0
35295,192,10,0,1
26244,486,3,0,0
4100,1290,11,0,0
5152,1448,12,0,0
35606,1152,8,0,1
28174,238,2,0,0
38255,1944,11,0,1
40870,1379,8,0,1
32420,1964,13,0,1
38404,1136,11,0,1
46347,1852,5,0,0
4013,1470,2,0,0
17550,1367,7,0,0
24207,1169,14,0,1
20864,1089,2,0,0
43504,1271,14,0,1
20591,735,6,0,1
38594,991,10,0,1
3473,1514,3,0,0
12261,825,9,1,1
32096,1463,3,0,0
27222,106,11,0,1
34950,181,12,0,1
27450,184,12,0,1
27572,226,3,1,1
28861,777,5,0,0
25451,790,7,0,1
23232,1933,14,0,1
49149,1113,8,0,1
15405,688,12,0,0
9917,530,11,0,0
11361,1395,7,0,0
517,972,9,0,0
41676,936,5,0,0
20458,1937,10,1,1
3367,1423,11,0,0
17309,106,3,0,0
24152,1295,6,0,1
38613,1999,5,0,0
26192,831,12,0,1
11438,1527,4,0,0
512,679,12,0,0
7643,1549,2,1,0
40455,849,7,0,1
33596,1056,13,0,1
23648,393,5,1,1
27484,40,4,1,1
44525,660,12,0,1
38856,1242,14,0,1
18988,1755,8,0,0
35835,981,9,1,1
47395,1106,9,0,1
48916,845,3,0,0
17606,1744,3,0,0
20563,201,5,0,0
18055,447,5,0,0
37941,1868,10,0,1
5204,1452,2,1,0
35011,1062,1,0,0
23290,1235,8,0,1
7457,444,3,0,0
32579,1351,1,0,0
44911,761,1,0,0
36308,227,11,0,1
20250,48,2,0,0
5744,1042,6,0,0
43386,912,6,0,1
47420,1463,14,0,1
3014,1831,3,0,0
21452,1732,12,0,1
46452,187,4,0,0
45012,345,12,0,1
14497,224,13,0,0
41655,830,2,0,0
47059,488,2,1,1
828,1933,7,0,0
798,877,13,0,0
40054,849,1,0,0
47380,1253,7,0,1
14023,1414,14,0,0
16879,979,12,1,1
7500,1613,14,0,0
24566,1017,12,0,1
37039,188,14,0,1
4460,1882,1,1,0
35370,270,14,0,1
17201,1631,6,0,0
32407,310,3,0,0
5586,1156,8,0,0
8435,1575,6,1,1
21464,1096,11,0,1
37359,1817,2,0,0
23676,845,8,1,1
31767,1696,5,0,0
11230,1211,8,0,0
22072,486,8,1,1
40519,1215,6,0,1
1267,1446,2,0,0
27292,120,8,1,1
1162,220,11,0,0
18640,53,6,0,0
24344,1758,6,0,1
21645,1475,8,0,1
21789,1436,1,0,0
11274,1667,2,0,0
23025,1261,12,0,1
37597,758,12,0,1
9448,738,9,0,0
23814,720,11,1,1
38202,406,12,0,1
9024,608,8,0,0
37198,1021,12,0,1
24494,422,7,0,1
6901,712,7,1,1
37714,247,5,0,0
6831,72,2,0,0
48236,1854,11,0,1
23725,185,6,0,1
17437,6,10,0,1
35407,1230,3,0,0
7156,1568,4,0,0
11616,1635,13,0,0
44361,906,10,0,1
1642,387,12,0,0
21777,1792,11,0,1
46832,699,2,0,0
39181,1100,14,0,1
27669,1201,2,0,0
23422,827,12,0,1
19165,1823,8,0,0
18024,349,8,0,0
22656,1279,10,0,1
27062,1861,6,0,1
28395,1726,13,0,1
13907,308,5,0,0
42448,1369,8,0,1
26532,1151,4,0,0
17849,1961,11,0,0
41559,287,4,1,1
26356,766,5,0,0
40362,725,1,0,0
37180,762,1,0,0
1424,1620,2,0,0
25831,1511,14,0,1
36009,383,8,1,1
23903,1430,7,0,1
19970,388,10,0,0
34678,525,9,0,1
6688,1581,5,1,0
38169,639,2,0,0
26890,938,7,0,1
25389,1650,8,0,1
28278,1969,12,1,1
28810,276,7,0,1
15585,500,14,0,0
44582,717,7,0,1
20752,337,12,0,1
4848,1974,14,0,0
21333,932,5,0,0
9535,481,2,0,0
3809,1921,6,0,0
30455,911,4,0,0
13216,1997,10,0,0
25570,1297,2,0,0
42444,1944,12,0,1
43018,1082,9,0,1
39398,1352,7,0,1
43056,1755,6,0,1
14783,109,12,0,0
604,1303,5,0,0
34082,1710,3,0,0
34399,328,12,0,1
28116,1800,10,0,1
24060,315,10,0,1
33691,1498,4,0,0
17412,1135,3,0,0
37897,699,12,0,1
46296,781,11,0,1
49385,1959,8,0,1
2205,1253,3,0,0
36495,1521,7,0,1
45840,156,7,1,1
22800,1497,7,0,1
34720,1725,13,0,1
37778,1296,7,0,1
20659,887,14,0,1
27609,1026,2,0,0
27960,758,10,0,1
11103,722,3,0,0
21832,1535,10,0,1
25926,913,9,1,1
30454,1310,3,0,0
13943,871,2,1,0
44572,13,9,0,1
48629,608,13,0,1
6290,498,10,0,0
17740,1757,9,0,0
38513,238,4,1,1
42456,1118,14,0,1
44697,1362,12,0,1
40921,781,9,1,1
3430,1195,3,0,0
19187,606,7,0,0
41530,661,7,0,1
24604,1648,11,0,1
7214,1591,8,0,0
13423,849,10,0,0
34221,936,4,0,0
11075,1491,3,0,0
11123,628,3,0,0
21547,143,12,1,1
25033,1225,5,0,0
24059,1204,11,0,1
767,714,14,0,0
29803,1388,1,0,0
9437,479,10,0,0
46527,565,3,0,0
36587,471,14,1,1
19229,384,6,0,0
40351,1716,3,0,0
32021,926,5,0,0
33407,417,9,0,1
27455,1849,2,0,0
37832,308,11,0,1
4935,649,2,0,0
20259,1718,12,1,1
38910,1391,6,0,1
47705,1025,6,0,1
40180,1068,11,0,1
38188,739,11,0,1
13316,1867,8,0,0
35647,1122,12,0,1
31571,1744,13,0,1
17408,1289,11,0,0
27632,1824,14,0,1
34449,1807,2,0,0
45545,140,9,0,1
5813,1505,2,0,0
49507,1261,13,0,1
4904,974,1,0,0
10236,1017,10,0,0
109,953,2,0,0
19355,904,12,0,0
23893,72,7,0,1
29648,1691,8,0,1
37992,1214,5,0,0
1115,1292,6,0,0
27812,1345,12,0,1
35061,107,1,0,0
8515,1256,6,0,0
46418,1066,12,0,1
47380,1726,8,0,1
23933,883,13,0,1
4258,139,3,0,0
20409,615,11,0,1
7070,1707,1,0,0
7038,863,11,0,0
21268,273,4,0,0
46640,1505,1,0,0
20484,416,14,0,1
18117,506,8,0,0
10444,733,5,0,0
40134,1749,1,0,0
8802,1877,14,0,0
484,424,8,0,0
504,1431,9,0,0
41043,1592,10,0,1
48026,390,2,0,0
29289,342,9,1,1
12863,946,8,1,1
18484,614,7,0,0
32706,1957,3,1,1
9960,493,2,0,0
38857,192,7,0,1
15206,499,5,0,0
23674,822,6,0,1
23624,1736,4,0,0
3736,1257,2,1,0
11016,1969,9,0,0
4909,227,3,0,0
32301,1395,12,0,1
13556,139,14,0,0
48312,856,7,0,1
38865,817,14,0,1
34916,1173,8,0,1
45206,1139,2,0,0
17200,1474,14,0,0
22049,1087,6,0,1
4644,104,11,1,1
37844,1875,8,0,1
45643,871,7,0,1
42883,668,11,0,1
26757,273,3,0,0
36287,1030,1,1,1
47298,1171,14,0,1
7339,184,6,0,0
14589,1052,8,0,0
49501,1986,6,1,1
43225,1574,5,0,0
28638,1143,11,0,1
32149,293,12,0,1
37231,1395,8,0,1
43044,1268,2,0,0
8527,1604,12,0,0
41448,1750,1,0,0
24385,1242,1,0,0
37726,177,14,0,1
42908,1323,4,0,0
23028,1700,6,0,1
19298,58,13,0,0
19858,1293,9,0,0
15354,308,1,0,0
44338,1594,12,0,1
1352,1312,1,0,0
39864,977,13,0,1
12273,1129,13,0,0
37541,1252,5,0,0
26798,1271,10,0,1
15881,700,5,0,0
13151,1518,5,0,0
39749,83,10,1,1
7049,1210,6,0,0
42389,252,8,0,1
8117,1379,3,0,0
7041,1774,9,0,0
26034,1896,13,0,1
23486,1720,1,1,1
10309,796,4,0,0
17815,897,9,0,0
29020,1962,14,0,1
31803,210,8,0,1
42418,816,10,0,1
4737,1832,9,0,0
4954,609,1,0,0
43188,447,9,0,1
37760,460,3,0,0
39911,968,11,0,1
49389,472,12,1,1
19956,1744,10,0,0
21933,370,9,0,1
20063,900,1,0,0
37032,1958,1,0,0
27269,1516,9,0,1
8041,923,11,0,0
14488,137,14,0,0
5669,367,6,0,0
4400,912,4,1,0
39137,184,7,0,1
36686,1612,5,0,0
12115,1311,10,0,0
45102,472,14,0,1
6354,1399,7,0,0
17244,654,8,0,0
24314,749,8,0,1
40218,537,1,0,0
15283,1535,8,0,0
6338,802,6,0,0
6190,1603,4,0,0
11737,1274,13,0,0
22515,920,14,0,1
24171,510,12,0,1
45515,630,8,0,1
42779,1002,3,1,1
41340,1097,13,0,1
18371,1306,4,0,0
36134,916,6,0,1
33534,1984,11,1,1
4288,1384,7,0,0
49923,1034,4,0,0
10261,1235,4,0,0
28832,1859,7,0,1
11414,152,6,0,0
24054,1029,13,0,1
21608,1219,11,0,1
22069,1978,8,0,1
45759,1307,1,0,0
37645,464,10,1,1
36768,1137,13,0,1
23161,271,11,0,1
13816,1187,7,0,0
39849,460,12,1,1
39244,105,7,1,1
17007,1717,11,0,0
18877,1580,7,0,0
27793,1306,7,0,1
43028,1711,10,1,1
26429,162,14,0,1
46992,351,10,0,1
16382,434,8,0,0
23724,852,9,1,1
23421,140,9,0,1
10588,1495,2,0,0
22674,1156,13,0,1
5340,87,13,0,0
43321,1712,7,0,1
10578,183,7,1,1
45262,368,4,1,1
19362,129,9,0,0
4532,1270,8,0,0
29821,1625,12,0,1
13668,1602,1,1,0
14278,670,2,0,0
22295,1923,13,0,1
402,1402,13,1,1
17122,149,2,0,0
155,985,12,0,0
45881,852,12,0,1
8817,1457,11,0,0
28799,628,8,0,1
8250,1750,1,0,0
2225,1493,4,0,0
44347,446,10,0,1
48613,1505,12,0,1
16848,884,5,0,0
39677,294,9,1,1
4721,1789,7,0,0
15134,1167,8,0,0
46491,250,14,0,1
5226,878,11,1,1
5222,948,9,0,0
18130,975,13,0,0
17402,1326,7,1,1
19281,1049,5,0,0
38738,789,13,1,1
1631,984,5,1,0
41040,889,10,1,1
40541,890,11,0,1
23433,1925,6,0,1
39750,70,5,1,1
34774,625,13,0,1
35954,875,12,0,1
46371,1136,11,0,1
8252,1388,9,0,0
38618,1327,3,0,0
45640,471,3,0,0
10367,1988,7,0,0
25389,91,7,0,1
1162,530,6,0,0
30026,661,3,0,0
6329,739,14,0,0
49377,726,13,0,1
48015,872,7,0,1
4732,1687,5,0,0
39156,192,7,0,1
3696,1987,2,0,0
44343,1576,6,0,1
6268,1266,14,0,0
42663,138,8,0,1
7661,345,1,0,0
8358,1204,4,1,0
16716,1009,11,0,0
26834,1736,1,1,1
6471,503,14,0,0
26169,203,1,0,0
14469,573,10,0,0
13010,192,12,0,0
8043,5,14,0,1
12299,1914,14,0,0
15828,1261,11,0,0
23375,1717,8,0,1
6838,311,7,0,0
16013,549,12,0,0
35340,56,10,1,1
19223,443,13,0,0
48547,1261,1,0,0
34629,870,11,0,1
10267,1885,14,0,0
10654,1221,13,0,0
17360,585,2,0,0
47145,1595,4,0,0
3912,752,1,1,0
28124,1538,3,0,0
27385,1473,8,1,1
27000,360,8,1,1
1705,1724,8,1,1
5722,819,6,0,0
6867,30,6,0,0
27239,1803,5,0,0
11713,108,13,0,0
10689,844,9,0,0
14018,1959,4,0,0
20219,1626,10,0,1
27546,717,12,0,1
13146,891,12,0,0
24918,1992,12,0,1
35458,1983,7,0,1
4424,960,1,0,0
10887,1469,9,0,0
9211,893,7,0,0
38210,1462,10,0,1
16489,732,12,0,0
41527,1914,9,0,1
14143,606,7,0,0
28846,457,2,0,0
22450,615,6,0,1
41705,1759,10,0,1
217,698,12,0,0
46785,1720,11,0,1
19035,1519,4,0,0
47177,674,3,0,0
13334,1271,2,0,0
38428,543,6,0,1
946,1588,8,0,0
11054,857,6,0,0
13803,1612,9,0,0
48253,897,14,0,1
46614,1463,5,0,0
22800,278,2,0,0
32143,552,8,0,1
6569,1637,9,0,0
30205,111,14,0,1
42201,385,10,0,1
26486,1857,4,0,0
49476,761,6,0,1
45687,1215,11,0,1
37076,1514,10,1,1
39151,694,8,0,1
2148,1450,9,0,0
39101,405,12,0,1
13041,1359,5,0,0
45475,1233,12,0,1
42633,22,6,1,1
1928,678,11,0,0
2017,611,4,0,0
20718,1232,5,0,0
32354,8,7,0,1
39856,702,9,1,1
47462,1711,10,0,1
20228,1809,11,0,1
45845,529,13,0,1
109,602,6,0,0
16744,1677,14,0,0
22522,657,6,0,1
9965,166,8,0,0
2319,849,11,0,0
39909,496,4,0,0
5387,590,3,0,0
34487,429,14,0,1
8612,774,7,0,0
1442,163,5,0,0
43436,366,2,0,0
19316,1550,2,0,0
27634,1263,11,0,1
14331,72,6,0,0
32393,1469,8,0,1
26714,655,1,0,0
36358,1846,11,0,1
28353,1533,6,1,1
42178,1819,12,0,1
40852,269,2,0,0
18088,1777,2,0,0
31137,415,7,0,1
12319,1269,10,0,0
335,1016,1,0,0
43029,675,6,0,1
2008,1084,14,0,0
8667,6,7,0,1
36398,1733,14,0,1
5356,982,8,0,0
19119,570,7,0,0
8262,1841,6,0,0
5515,407,9,0,0
36259,1241,13,1,1
44025,1954,3,1,1
6051,26,11,0,1
21952,1839,6,0,1
8107,1029,4,0,0
41932,986,2,0,0
30623,1556,1,1,1
23425,390,12,0,1
21304,710,12,0,1
15624,571,14,0,0
19382,1472,1,0,0
24030,754,11,0,1
177,146,10,0,0
40445,1412,3,0,0
20711,785,4,0,0
17084,1273,2,0,0
14160,526,13,0,0
17549,1486,12,0,0
18620,13,11,0,1
43403,903,11,1,1
9610,384,14,0,0
29387,556,11,0,1
28273,887,1,0,0
39811,1423,4,0,0
12054,19,7,0,1
7904,575,10,0,0
6665,1515,11,1,1
6084,751,6,0,0
21626,1004,6,1,1
37538,419,11,1,1
18674,1361,9,1,1
9284,419,14,0,0
19196,1939,2,0,0
2292,1940,4,0,0
34116,1636,5,0,0
11346,1699,1,0,0
45658,1952,8,0,1
18481,122,8,0,0
36555,432,6,1,1
26827,44,12,0,1
4118,1896,5,0,0
11402,1944,8,0,0
2070,1341,3,0,0
41257,381,3,0,0
27302,145,2,1,1
31210,1351,5,0,0
17686,363,3,0,0
24619,1074,3,0,0
31373,1089,6,0,1
22051,355,8,0,1
15474,800,2,0,0
5888,1188,4,0,0
5508,1165,11,0,0
25153,1990,7,0,1
9546,826,1,0,0
1022,1152,1,1,0
33287,398,12,0,1
10889,1957,13,0,0
32284,880,10,0,1
1220,463,7,1,1
44128,1775,14,1,1
32254,1860,7,0,1
17434,808,1,0,0
2436,187,1,0,0
38241,1744,4,0,0
2343,732,5,0,0
19129,1936,5,0,0
32365,1214,4,0,0
37480,1412,8,1,1
46814,429,7,0,1
43972,858,9,0,1
46297,1308,7,0,1
23810,1888,10,0,1
29586,237,1,0,0
6471,1218,13,0,0
6459,1311,14,0,0
40731,771,7,0,1
36096,758,1,0,0
20203,136,7,0,1
14482,792,10,0,0
18855,1807,8,0,0
35759,171,11,0,1
3856,159,9,0,0
20709,201,12,0,1
48638,1511,3,0,0
16578,1581,4,0,0
35542,962,4,0,0
39766,1800,12,1,1
10247,583,9,0,0
33661,1528,13,0,1
34984,876,7,0,1
5879,371,3,0,0
12398,103,10,0,0
14253,1002,5,0,0
43979,1149,7,0,1
10889,1337,8,0,0
44265,976,1,1,1
13099,798,12,0,0
914,1482,2,0,0
49597,1254,7,0,1
10641,658,11,1,1
25038,882,13,0,1
2543,1221,14,0,0
10557,1909,13,1,1
10480,733,2,0,0
7883,423,7,0,0
44341,572,9,0,1
17468,1634,11,0,0
15428,171,2,1,0
26315,1406,7,0,1
33695,173,4,1,1
27406,663,11,1,1
20015,453,13,0,1
40015,350,2,0,0
37319,1926,13,0,1
15443,1976,7,0,0
46503,1658,13,0,1
38827,494,5,0,0
226,620,1,0,0
27732,1028,5,0,0
41663,1117,12,0,1
44509,919,12,1,1
20630,6,3,0,1
40064,288,7,1,1
44427,1642,6,0,1
3468,1170,8,0,0
3897,1807,13,0,0
47982,1448,5,0,0
13818,1914,2,0,0
34660,608,9,0,1
11153,457,14,0,0
22216,1765,11,0,1
36344,1226,8,0,1
36285,1236,6,0,1
1745,1030,13,0,0
47623,624,10,0,1
19356,376,7,1,1
35940,1915,9,1,1
34722,447,7,1,1
37530,835,3,0,0
39382,1130,6,0,1
2808,1675,11,0,0
11794,811,13,0,0
9624,1425,11,0,0
31980,1120,7,0,1
39324,1412,2,0,0
37080,959,3,0,0
32509,1476,4,0,0
13324,849,10,0,0
40838,809,6,0,1
25250,979,1,0,0
49788,1925,9,0,1
34493,416,5,1,1
43182,726,13,0,1
8073,1528,12,0,0
8677,454,14,1,1
8170,1315,7,0,0
8766,1558,9,0,0
36468,1217,9,0,1
6883,150,1,0,0
46094,1904,1,0,0
42014,759,3,0,0
5071,779,6,0,0
13590,973,2,0,0
45819,763,10,1,1
45180,1002,12,0,1
2090,1539,11,0,0
5399,1417,1,1,0
45865,1340,1,0,0
20056,76,13,0,1
22459,599,5,0,0
46340,1294,4,0,0
37248,225,1,0,0
28834,1554,4,0,0
4857,113,3,0,0
19197,251,2,0,0
10495,1257,9,0,0
16341,841,14,1,1
38456,1815,11,0,1
27796,714,1,0,0
5044,1107,7,0,0
46263,125,14,0,1
19916,1199,13,0,0
49940,1093,4,0,0
37111,1071,5,0,0
25017,884,10,0,1
31295,1280,5,0,0
21666,1751,1,0,0
10016,30,6,1,1
20906,281,13,0,1
10084,924,9,0,0
1859,1261,2,0,0
42049,1272,7,0,1
26938,368,6,0,1
2582,495,5,0,0
24542,1049,4,0,0
33819,1610,4,1,1
28065,718,6,0,1
2179,1514,4,1,0
2817,1017,5,0,0
28052,1518,13,0,1
21008,1338,6,0,1
42560,606,5,0,0
24961,375,7,0,1
7411,639,9,0,0
28171,1961,10,0,1
23670,1049,7,0,1
18549,1358,7,1,1
33636,1379,4,0,0
38358,116,1,1,1
48402,48,14,0,1
28965,1762,8,1,1
6745,1802,4,0,0
38100,99,1,0,0
26837,1483,5,0,0
11585,1547,14,0,0
38665,1621,14,0,1
25622,405,8,0,1
12442,1238,4,0,0
40906,685,13,0,1
48870,903,12,0,1
13187,503,8,0,0
37741,1745,8,0,1
34349,1472,3,1,1
10193,894,9,0,0
47290,1600,3,0,0
16538,258,1,1,0
40511,844,2,0,0
26499,121,6,0,1
19946,810,12,0,0
15808,978,10,0,0
44139,54,2,0,0
45468,1019,6,0,1
11098,1355,14,0,0
47163,784,1,0,0
30778,241,11,0,1
10782,1779,13,1,1
49248,1554,1,0,0
8619,483,5,1,0
31580,1013,10,1,1
19794,187,13,0,0
3400,1882,11,0,0
6822,656,9,0,0
40086,262,14,1,1
24260,953,8,0,1
20159,1388,3,1,1
35922,491,3,0,0
13675,431,1,0,0
8070,239,14,0,0
35011,304,3,0,0
21691,298,14,0,1
31921,76,12,0,1
9603,1724,12,0,0
48017,1357,12,0,1
19022,1924,13,1,1
12275,999,11,1,1
41224,1782,1,0,0
21489,642,8,0,1
47938,1498,1,0,0
922,827,5,0,0
17427,1947,9,0,0
47157,283,7,0,1
6250,591,4,0,0
4525,72,11,1,1
16132,1287,9,0,0
2298,703,9,0,0
20179,1903,2,0,0
36320,1911,10,0,1
41974,1966,10,0,1
13959,575,11,0,0
31519,1000,12,0,1
8805,892,6,1,1
42980,12,4,0,1
23336,141,8,1,1
22519,1790,12,0,1
20078,1579,11,1,1
37709,17,7,0,1
15458,1087,7,0,0
34277,253,11,0,1
29478,465,10,0,1
37434,376,9,0,1
11482,1828,13,0,0
14696,981,5,0,0
33672,520,6,0,1
13321,1861,1,1,0
1379,90,6,0,0
46060,720,2,0,0
7183,804,6,0,0
43961,796,9,0,1
17871,630,8,0,0
30075,1885,9,0,1
45748,1199,13,0,1
48385,76,10,0,1
19163,1637,8,0,0
2206,926,3,0,0
24657,1687,8,0,1
48954,400,6,0,1
20707,1806,13,0,1
37699,970,6,1,1
28629,1095,6,1,1
36054,1204,3,0,0
27956,1148,10,0,1
2673,1405,1,0,0
12908,1317,12,0,0
35467,797,14,0,1
36901,195,4,0,0
41296,1935,10,0,1
34172,228,12,0,1
23852,1455,6,0,1
17785,1966,11,0,0
41501,1460,12,0,1
11472,1811,10,0,0
9096,461,2,0,0
16558,618,7,0,0
31989,1045,7,0,1
26765,64,11,0,1
38343,165,4,0,0
31753,27,4,0,1
26757,1335,1,0,0
40052,1012,13,0,1
22280,285,2,0,0
31996,1684,9,0,1
12975,281,10,1,1
1722,838,8,1,1
48856,831,8,0,1
40909,1188,9,1,1
16825,1922,7,0,0
40860,918,13,0,1
15746,224,9,0,0
17129,784,10,1,1
29502,1170,12,0,1
4363,965,2,0,0
31087,950,6,0,1
46928,1892,3,0,0
48024,1054,11,0,1
8746,45,6,0,0
27629,1811,3,0,0
11764,471,8,0,0
35837,34,11,0,1
35896,653,13,0,1
24127,1451,4,0,0
29473,830,12,0,1
36497,1910,10,0,1
20709,221,6,0,1
35935,1892,9,0,1
38809,534,2,0,0
19350,692,2,1,0
21272,1972,7,1,1
11655,1391,2,0,0
21974,932,2,0,0
13181,841,4,1,0
24163,1767,9,1,1
6919,1011,8,1,1
25812,1939,2,0,0
24862,1574,8,0,1
11146,582,4,0,0
31563,1140,2,0,0
28869,239,11,0,1
23250,1359,10,0,1
2811,441,7,0,0
4953,148,6,0,0
29177,1033,14,0,1
23963,1312,10,0,1
21892,388,5,0,0
40583,1074,11,0,1
9042,1874,1,0,0
48375,1541,2,0,0
48694,916,8,0,1
1862,1879,1,0,0
32087,638,3,0,0
15950,1611,2,0,0
12212,1701,5,0,0
24158,278,4,0,0
45520,1978,13,1,1
38990,1860,7,0,1
581,989,5,0,0
47404,1324,8,0,1
33021,1826,4,0,0
40485,589,12,0,1
1624,1834,6,1,1
34988,649,4,0,0
15148,618,2,0,0
35211,1631,1,0,0
38004,135,14,0,1
34108,580,14,0,1
160,1171,1,0,0
9230,490,8,0,0
18123,478,14,0,0
45180,1183,4,1,1
13450,384,5,0,0
24454,163,11,0,1
45286,441,8,0,1
28245,1877,12,0,1
34120,1213,7,0,1
20687,415,13,0,1
41231,1363,8,0,1
9750,1631,13,0,0
20033,1205,8,0,1
20681,288,6,0,1
23493,1858,10,0,1
23151,187,2,0,0
26312,1908,6,1,1
49182,1162,14,0,1
4190,130,1,0,0
7060,194,1,0,0
35872,316,11,0,1
21620,1809,3,0,0
49581,1888,3,1,1
36508,144,11,0,1
28570,16,13,1,1
20591,1326,5,0,0
1441,423,1,0,0
44723,245,10,0,1
24891,927,6,0,1
438,1131,7,0,0
5995,1112,10,1,1
12354,129,12,0,0
11444,907,13,1,1
1850,887,11,1,1
2521,341,3,1,0
39987,4,4,0,1
5419,1351,10,0,0
15996,1434,11,0,0
12018,1903,10,0,0
25164,306,14,0,1
46717,908,12,0,1
28035,607,10,0,1
37741,1745,14,1,1
29811,1249,10,1,1
4906,1995,10,0,0
41460,1372,3,0,0
12282,992,1,0,0
22397,321,8,0,1
19641,559,13,0,0
29021,1205,10,0,1
16874,618,10,0,0
44913,711,2,0,0
37298,1410,1,0,0
8920,1642,14,0,0
24170,1816,8,1,1
4332,1796,7,0,0
11222,1132,7,0,0
15123,531,4,0,0
8107,410,11,0,0
18005,1995,9,0,0
41886,1320,6,0,1
29498,818,2,0,0
34368,1195,14,0,1
6837,1355,1,0,0
36162,493,1,0,0
25610,1219,9,0,1
19526,12,4,0,0
37365,195,5,0,0
17950,490,3,0,0
714,795,4,1,0
21876,881,12,0,1
24177,182,8,1,1
9474,962,13,0,0
35535,1841,4,1,1
31007,656,9,0,1
13509,1922,9,0,0
16614,1340,6,1,1
29966,694,2,0,0
3083,30,12,0,0
31805,1620,10,0,1
20762,1702,11,0,1
23610,1820,7,0,1
12751,1817,9,0,0
41098,1120,6,1,1
28635,1405,3,0,0
6740,778,14,1,1
44647,444,7,1,1
15417,298,5,0,0
7664,808,1,0,0
27445,1761,3,0,0
48388,845,5,0,0
28787,1016,7,0,1
13837,1385,3,0,0
9423,1398,6,0,0
15329,554,5,0,0
44581,303,13,0,1
8602,421,1,0,0
645,1270,10,0,0
37214,1744,6,0,1
29530,1261,14,0,1
10096,1558,8,1,1
27888,185,13,0,1
30069,468,13,0,1
48643,754,1,0,0
14019,363,2,1,0
3910,1307,14,0,0
30686,1577,4,0,0
40074,336,12,1,1
41873,162,2,0,0
16471,1184,11,0,0
45184,1498,9,0,1
29729,1625,10,1,1
8536,1346,8,0,0
13084,12,8,0,1
33139,1448,4,0,0
19995,1097,5,0,0
18255,588,4,0,0
10716,1882,13,0,0
37229,201,9,0,1
39937,522,13,0,1
24674,1888,2,0,0
3530,505,13,0,0
12776,1762,11,0,0
10916,1712,8,0,0
32833,788,2,0,0
20244,1063,1,0,0
2150,60,10,0,0
44560,578,3,0,0
34033,321,9,0,1
25051,1459,12,0,1
32513,1660,3,0,0
34901,1700,9,1,1
33013,1432,7,0,1
47137,923,13,0,1
40700,1410,10,1,1
25380,1695,1,0,0
24657,569,10,0,1
47154,1102,5,0,0
35500,1218,9,0,1
4594,1309,12,0,0
15252,527,3,0,0
23995,524,9,0,1
9255,613,5,0,0
31983,1180,9,0,1
43294,1364,10,1,1
43101,125,6,0,1
1928,871,9,0,0
45128,280,7,0,1
41998,917,7,0,1
32223,1930,8,0,1
37673,622,7,0,1
906,846,12,0,0
41070,1893,9,0,1
29857,1682,11,0,1
34736,1752,9,0,1
14661,1934,6,1,1
48380,674,7,1,1
24362,1152,2,0,0
14999,314,9,0,0
49088,332,12,0,1
16034,1174,13,0,0
38297,1478,1,1,1
41944,36,1,0,0
36432,1709,3,0,0
34257,1444,12,1,1
11693,1046,6,1,1
40142,206,5,0,0
17420,639,2,0,0
27476,848,9,0,1
43613,1981,14,0,1
14299,1380,13,0,0
15976,440,10,0,0
8345,729,14,0,0
7314,1120,4,0,0
826,1953,4,0,0
46700,941,5,0,0
11462,164,8,0,0
18397,148,10,0,0
30548,1554,4,0,0
26272,294,5,0,0
42974,195,12,0,1
7757,663,4,0,0
18950,480,14,0,0
25525,1901,6,0,1
26785,123,12,0,1
47419,1424,3,0,0
24678,699,8,0,1
28931,965,6,0,1
8006,1476,10,0,0
7387,661,5,0,0
33760,1128,13,1,1
10322,1779,2,0,0
37543,1486,10,0,1
34801,1767,10,0,1
17864,1742,7,0,0
44741,710,2,0,0
17774,396,1,0,0
18124,912,7,0,0
46107,1361,5,0,0
23974,1005,1,0,0
43742,1623,4,1,1
32384,1166,12,0,1
17702,317,13,0,0
37884,1735,4,0,0
23365,1582,10,0,1
26031,1824,7,0,1
28941,1551,9,0,1
29292,1580,2,0,0
46642,1425,12,0,1
42620,681,14,0,1
15685,1334,1,0,0
25659,495,2,0,0
40159,556,7,0,1
33842,610,13,1,1
4233,1797,10,0,0
14763,109,6,0,0
21854,1819,4,0,0
4072,372,1,0,0
5395,855,13,0,0
46781,616,1,0,0
41973,768,5,1,1
29225,1915,1,0,0
41096,206,12,0,1
10003,847,7,0,0
3120,43,13,0,0
41855,865,11,0,1
20520,1269,1,0,0
21552,1311,1,0,0
45748,1379,2,0,0
38101,785,13,1,1
9616,476,14,0,0
47427,83,11,1,1
49569,1134,12,0,1
2496,1974,10,0,0
18646,190,3,0,0
19229,800,13,0,0
1691,936,11,0,0
11403,1933,1,0,0
30661,251,9,0,1
6283,1748,10,0,0
26672,291,8,0,1
34180,1669,5,0,0
20795,1225,13,0,1
7414,1821,11,0,0
19723,326,2,0,0
2239,1535,5,0,0
47556,1433,6,0,1
31390,1631,14,0,1
18188,1814,1,0,0
39792,1986,11,0,1
33230,1965,4,1,1
32188,837,9,1,1
26392,508,2,0,0
46349,731,5,1,1
20770,1625,1,0,0
3838,72,4,0,0
2569,1271,4,0,0
22634,641,6,0,1
48974,1748,10,0,1
49808,940,9,0,1
9117,1879,3,1,0
2908,608,9,0,0
49238,1611,6,0,1
47738,1959,7,0,1
12813,566,12,0,0
40429,1368,10,0,1
2819,1995,2,0,0
22990,1949,11,1,1
11800,54,10,0,0
36609,1754,14,0,1
42634,528,6,0,1
36866,611,6,0,1
26805,1556,2,1,1
18887,1582,2,0,0
48945,1987,14,0,1
26688,193,2,0,0
26223,1919,10,0,1
33162,58,12,0,1
10277,1461,1,0,0
21827,1135,5,0,0
30320,129,8,0,1
9982,1873,2,0,0
1236,706,13,0,0
34932,1949,5,0,0
32066,852,12,0,1
7109,1350,8,1,1
13087,8,10,0,1
37411,29,14,0,1
31675,1136,5,0,0
1107,947,2,0,0
5545,1697,3,0,0
10806,131,6,0,0
47617,188,11,0,1
44586,1699,11,0,1
29357,709,5,0,0
21836,1499,11,1,1
42307,1388,4,0,0
13381,1228,4,0,0
1535,212,5,1,0
33439,1645,2,0,0
35250,276,9,0,1
25921,1097,2,0,0
26760,1703,10,0,1
5184,1796,2,0,0
16761,243,10,0,0
13607,1811,14,0,0
7159,1126,9,0,0
18371,987,14,0,0
45639,685,3,0,0
7591,171,10,0,0
47395,653,7,0,1
14959,1933,4,0,0
8173,188,13,0,0
9177,1465,13,0,0
21053,1110,6,0,1
11483,1500,14,0,0
49246,52,4,0,0
2453,111,10,0,0
23921,1973,7,0,1
37667,877,1,0,0
49938,1878,3,0,0
24960,1067,13,0,1
21295,211,3,0,0
12039,1992,1,0,0
25438,1224,6,0,1
21830,1834,13,0,1
21527,858,11,1,1
35296,1776,14,0,1
27183,627,9,0,1
21610,1050,8,0,1
44164,1943,11,0,1
7913,299,7,0,0
31698,1101,10,0,1
47282,924,8,0,1
27670,137,6,0,1
27182,1044,9,0,1
29341,440,3,0,0
30778,211,10,1,1
44669,752,10,0,1
11845,1575,9,1,1
26129,435,4,0,0
13125,780,7,1,1
36224,1231,13,0,1
14388,439,9,0,0
23750,1998,2,0,0
6640,1803,2,1,0
32332,666,9,0,1
16522,1066,12,0,0
3442,411,13,1,1
41946,1547,3,0,0
35712,806,9,0,1
10496,610,13,1,1
17582,427,5,0,0
23511,1299,6,0,1
46866,1472,2,0,0
13361,902,8,0,0
3193,942,11,0,0
11822,1908,9,1,1
22142,742,2,0,0
44513,1393,6,0,1
47951,1962,6,0,1
28187,1244,8,0,1
32447,1601,10,0,1
33856,1891,12,0,1
39314,1256,5,0,0
16435,328,9,0,0
28702,1467,1,0,0
49001,52,9,0,1
34550,1910,10,0,1
32296,1967,7,0,1
5726,376,4,0,0
7524,263,3,0,0
12957,267,14,0,0
45023,359,10,0,1
20082,1341,11,0,1
11525,1348,14,0,0
2080,1945,6,0,0
48390,1932,12,0,1
26531,1690,13,0,1
19540,1894,1,0,0
41852,1902,3,0,0
17275,652,2,0,0
48751,1963,11,1,1
26485,1587,13,0,1
38258,1653,9,1,1
23119,1445,3,0,0
18739,46,13,0,0
20094,1845,2,0,0
34475,600,4,0,0
21663,720,14,0,1
39441,1913,2,0,0
5876,1293,1,0,0
36544,601,6,0,1
3480,381,10,0,0
8811,118,8,0,0
8882,1590,10,0,0
17534,1977,10,0,0
46865,116,2,1,1
20117,1654,14,0,1
30807,260,9,0,1
39210,1099,13,0,1
17443,1504,3,1,0
38927,305,8,0,1
41752,7,12,0,1
5755,366,8,0,0
44959,1658,3,0,0
15351,523,3,0,0
626,1372,12,0,0
3324,1462,6,1,1
47937,1239,1,0,0
11636,429,4,0,0
28641,791,1,0,0
13647,1522,14,0,0
34631,1564,3,0,0
8812,747,9,0,0
38665,367,14,0,1
9308,313,14,0,0
5209,538,5,0,0
49368,921,12,0,1
35301,1078,5,0,0
17067,1565,11,0,0
29859,1491,4,1,1
20272,865,3,0,0
37035,1188,5,0,0
26689,782,14,1,1
30115,334,11,0,1
29109,1571,4,1,1
17873,798,8,0,0
41225,348,4,0,0
26243,273,11,0,1
6254,963,12,1,1
21904,720,8,0,1
41788,1774,6,1,1
20681,1438,14,0,1
30187,500,12,0,1
33081,1117,11,0,1
3862,685,5,0,0
46267,79,4,1,1
9868,622,4,1,0
43508,1241,12,0,1
39599,947,4,0,0
38659,358,11,0,1
48690,618,13,0,1
8883,507,13,0,0
46489,1583,9,0,1
29881,1205,4,0,0
30911,576,12,0,1
48887,1270,9,0,1
35588,244,13,0,1
9005,506,10,0,0
9227,422,6,0,0
22531,1344,10,0,1
49253,1111,13,0,1
6468,217,7,0,0
27524,1514,12,0,1
46924,1543,10,0,1
45104,1302,3,1,1
18433,1873,8,0,0
23216,1746,3,0,0
47319,1009,1,0,0
43301,1193,13,0,1
15625,330,13,0,0
23498,650,10,0,1
32957,1465,12,0,1
10461,391,5,0,0
16469,1520,2,0,0
3141,381,10,0,0
205,1330,14,0,0
9178,742,6,1,1
25103,820,13,0,1
6190,673,10,0,0
38950,513,9,0,1
49886,1772,1,1,1
2025,949,14,0,0
18540,1212,13,0,0
39785,930,4,0,0
26115,1540,1,0,0
33420,913,1,0,0
25391,644,8,0,1
36779,427,14,0,1
26389,502,14,0,1
3489,730,13,0,0
25783,1284,14,0,1
13729,1537,11,0,0
24926,71,2,0,0
35298,478,1,0,0
26730,1202,11,0,1
33326,457,8,0,1
46263,189,4,0,0
33075,291,3,0,0
999,1544,13,0,0
11753,1789,12,0,0
28061,920,4,0,0
16505,292,14,0,0
8701,1970,11,0,0
33762,756,5,0,0
33382,1659,1,0,0
21388,1835,14,0,1
29645,1307,11,1,1
36977,1568,1,0,0
46126,1870,3,0,0
15413,377,6,0,0
15449,1682,1,0,0
7279,1180,14,1,1
10426,508,11,0,0
44655,1437,12,0,1
1660,528,2,0,0
13712,1379,12,0,0
17750,559,14,0,0
26845,1787,7,1,1
31990,1211,14,0,1
20122,1055,14,0,1
4880,260,1,0,0
18411,421,13,0,0
28480,1553,14,1,1
44762,1575,7,0,1
2456,304,4,0,0
4890,942,10,0,0
27011,1968,14,0,1
49558,1063,6,0,1
24463,1513,14,0,1
20149,1668,8,0,1
10281,542,9,0,0
39925,1694,6,0,1
16182,1302,12,0,0
761,1227,11,0,0
37512,1090,13,0,1
48579,108,14,0,1
3020,268,9,0,0
25758,222,4,0,0
48870,1828,6,0,1
14125,1554,8,0,0
9046,1114,9,0,0
28806,693,3,1,1
45600,255,2,0,0
39104,1479,6,0,1
16409,253,4,1,0
46386,257,1,0,0
33220,383,8,0,1
30127,442,9,1,1
7105,1882,14,0,0
46904,599,9,0,1
49410,1114,2,1,1
1056,1773,9,0,0
34939,390,7,1,1
8695,582,5,0,0
48008,1068,7,0,1
12903,1736,13,0,0
26063,1688,9,1,1
36321,598,8,0,1
39543,19,6,0,1
33823,1125,13,0,1
39163,1938,4,0,0
48789,607,13,0,1
15382,1790,1,1,0
4803,1381,6,0,0
6663,1566,3,0,0
25949,1785,6,0,1
31960,1962,6,0,1
31685,33,14,0,1
22115,1994,4,0,0
12103,1253,2,0,0
43685,1548,9,0,1
27058,1654,2,0,0
26117,862,3,0,0
11271,155,10,0,0
45450,1447,1,0,0
12301,905,7,0,0
29526,1270,1,0,0
17878,405,11,0,0
45341,844,9,0,1
42329,1783,11,0,1
21216,1565,11,0,1
48464,1185,1,0,0
33397,747,5,0,0
19442,1726,7,0,0
27590,1141,3,0,0
20075,271,9,0,1
26823,770,8,0,1
23379,1716,13,0,1
12865,1511,3,1,0
46778,1909,5,1,1
11661,172,7,0,0
41999,1974,12,0,1
625,274,14,0,0
22961,259,4,0,0
49253,1159,5,0,0
33242,1707,3,1,1
27016,1746,9,0,1
45065,1772,10,1,1
4748,422,9,0,0
35233,1445,7,0,1
30623,1210,10,0,1
29152,1953,2,1,1
34514,364,7,0,1
32881,1979,7,0,1
4699,1631,11,0,0
35146,378,5,0,0
47164,1547,9,0,1
36023,580,13,0,1
41189,891,12,0,1
3914,722,11,0,0
45993,1220,3,0,0
36084,881,4,0,0
26716,1122,1,0,0
2213,605,6,0,0
43106,22,4,0,1
13860,1474,1,1,0
22027,1196,2,1,1
21039,383,3,0,0
32519,134,9,0,1
12688,1450,13,0,0
36242,1049,8,0,1
39298,503,7,0,1
44838,1209,13,0,1
33497,1109,11,0,1
16753,1591,12,0,0
10931,1787,14,0,0
5824,144,4,0,0
11183,1887,1,0,0
46017,1934,8,0,1
19916,1703,4,0,0
42340,1436,3,1,1
6376,224,9,0,0
48503,220,10,0,1
38763,179,4,0,0
14094,1655,4,0,0
23599,433,14,0,1
23140,265,9,0,1
43420,954,13,0,1
17059,429,12,0,0
6199,1686,11,0,0
42367,416,12,0,1
19676,1477,14,0,0
36046,727,2,1,1
6216,197,14,0,0
15663,1578,12,0,0
26888,1077,5,0,0
27028,480,4,0,0
36436,1467,9,0,1
9947,1354,12,0,0
26255,1275,5,0,0
14235,1831,9,0,0
17874,890,11,0,0
1842,1807,9,0,0
18409,1991,14,0,0
719,925,2,0,0
17758,123,14,0,0
34807,1903,9,0,1
20437,1411,3,1,1
16101,1363,4,0,0
1068,778,1,0,0
47714,348,14,1,1
25992,29,1,0,1
25719,975,1,0,0
381,35,9,0,0
27520,1542,11,0,1
15460,1420,8,0,0
39130,623,5,0,0
1158,1318,5,0,0
20777,589,9,0,1
10824,1373,3,0,0
28504,1171,3,0,0
38046,1091,7,0,1
39848,904,9,0,1
29956,520,6,0,1
9300,122,14,0,0
34097,340,2,0,0
25711,175,1,1,1
41335,1924,2,0,0
35157,1715,14,0,1
1339,597,14,1,1
38238,451,1,0,0
49038,557,10,0,1
225,1160,10,0,0
45372,1879,9,0,1
23957,1040,10,0,1
15498,1357,12,0,0
6738,1219,14,0,0
6670,1520,13,0,0
3349,9,8,0,1
9210,1852,7,0,0
40463,334,3,0,0
13705,1357,8,0,0
12215,1017,2,0,0
39162,327,2,0,0
23011,15,11,0,1
38625,839,10,0,1
32656,1638,3,0,0
12695,226,7,0,0
2069,1449,1,0,0
43853,1814,8,1,1
17375,1432,12,1,1
4570,113,7,0,0
10325,1452,4,0,0
42424,1,14,0,1
42074,266,5,0,0
42859,1515,10,0,1
23296,1232,13,1,1
40387,1646,1,0,0
13769,1736,4,0,0
37480,952,1,0,0
45241,1393,1,0,0
48420,306,10,0,1
47514,12,1,0,1
38106,1369,7,0,1
15677,1489,7,0,0
22573,1724,4,0,0
28725,1690,13,0,1
15604,1518,12,0,0
24189,1392,2,0,0
36587,1870,12,0,1
402,937,3,0,0
31563,420,8,0,1
45012,889,13,0,1
29359,1815,8,0,1
42923,171,11,0,1
37308,134,11,0,1
30759,965,6,1,1
35940,1451,10,0,1
31990,1049,9,0,1
13698,1554,11,0,0
47155,1214,12,0,1
46833,1165,9,0,1
19608,1579,4,0,0
42387,1870,12,0,1
13480,1820,1,0,0
27084,658,1,1,1
44733,1339,12,0,1
8225,1468,10,0,0
36159,1343,5,0,0
4133,1465,14,0,0
37973,1116,13,0,1
17187,179,2,0,0
41001,1080,6,0,1
49826,1179,7,0,1
5804,1696,1,0,0
7948,111,6,0,0
21692,137,8,0,1
45843,232,12,0,1
7024,992,5,1,0
27308,468,14,0,1
19714,732,12,0,0
588,481,7,0,0
39982,1092,10,0,1
26023,814,6,0,1
48608,1273,4,1,1
36041,994,7,0,1
29265,323,10,0,1
1767,922,9,0,0
26313,904,10,0,1
4214,1542,10,0,0
36421,1816,13,0,1
7861,1456,7,0,0
31216,1511,12,1,1
33868,606,14,0,1
48506,429,5,0,0
25526,1293,7,1,1
17872,1733,3,0,0
38318,1561,2,0,0
3812,148,11,0,0
1467,1142,5,0,0
41057,850,4,1,1
41881,367,5,1,1
49706,850,8,1,1
26300,1090,12,0,1
3826,1994,4,0,0
23716,813,9,1,1
27823,1394,7,1,1
37674,175,10,0,1
35058,1855,13,0,1
9208,588,12,0,0
12278,495,7,0,0
35743,973,13,0,1
31424,1138,13,1,1
38460,1135,8,1,1
17924,1785,12,0,0
45460,1463,6,0,1
9027,1739,8,0,0
28244,1171,3,0,0
31110,35,10,0,1
22543,999,10,0,1
14537,1333,14,1,1
44398,538,1,1,1
39878,750,6,0,1
11307,1038,1,0,0
25637,374,9,1,1
35857,557,14,0,1
12140,1452,2,0,0
42086,1752,11,0,1
22712,233,2,0,0
28541,705,7,0,1
6571,563,2,0,0
35731,939,10,1,1
43561,887,8,0,1
26623,726,6,1,1
31448,1687,14,1,1
1277,1464,7,0,0
4860,1526,7,0,0
32879,1299,6,0,1
21736,1874,10,0,1
16453,76,11,0,0
11656,439,9,0,0
27698,1756,13,0,1
11663,1884,9,0,0
46919,1980,7,1,1
43890,699,9,0,1
8334,1313,13,0,0
25619,915,10,0,1
27066,1564,3,0,0
16273,891,3,0,0
27087,692,1,0,0
13278,253,5,0,0
39438,1150,4,0,0
24696,1201,2,0,0
33274,1061,9,0,1
42074,410,3,0,0
4531,1635,8,0,0
27864,1634,6,1,1
21727,127,14,0,1
39410,1507,13,1,1
9006,1192,5,0,0
37014,592,1,0,0
44914,294,4,0,0
45479,1869,3,0,0
13176,1662,1,0,0
49392,1367,12,1,1
37750,1020,5,0,0
46981,310,6,1,1
46513,662,2,0,0
6112,528,14,0,0
7251,540,3,1,0
28311,419,11,0,1
27217,444,14,0,1
36478,685,6,1,1
42752,1582,4,0,0
6994,840,9,0,0
13567,236,5,1,0
31110,1463,4,0,0
49357,214,2,1,1
42741,85,6,0,1
12389,794,10,0,0
45076,1768,2,0,0
43696,85,12,0,1
23271,1945,13,0,1
35005,1513,7,0,1
20929,65,3,0,0
34154,1670,9,0,1
48578,663,11,0,1
44239,627,5,0,0
48813,64,8,0,1
29834,1367,11,0,1
7152,939,6,0,0
3754,1899,14,0,0
23586,919,12,0,1
18843,1376,10,0,0
48468,1182,8,0,1
24589,1613,13,0,1
8736,491,13,0,0
6541,1682,11,1,1
24711,1879,12,1,1
42535,1487,3,0,0
12249,1249,3,0,0
34666,1941,5,1,1
42468,313,11,0,1
21775,615,10,0,1
5595,919,3,0,0
42768,1883,8,0,1
13773,813,10,0,0
11230,940,13,0,0
22768,1490,12,0,1
15322,1112,14,0,0
23769,1907,8,1,1
34168,1327,2,0,0
23353,680,12,0,1
9535,435,4,0,0
28652,682,10,0,1
37484,1159,13,0,1
16493,1074,1,0,0
10717,1456,4,0,0
38620,340,12,0,1
9952,347,13,0,0
31501,646,13,0,1
6395,1371,11,0,0
36093,649,13,0,1
34184,245,4,0,0
45205,109,10,0,1
39675,1849,9,0,1
36551,1823,3,0,0
7327,533,2,0,0
32010,1114,9,0,1
36141,296,9,1,1
23484,112,1,1,1
245,1837,6,0,0
37878,1613,10,0,1
16135,1201,8,0,0
3140,343,3,0,0
42522,1684,11,0,1
26260,101,9,0,1
49734,1782,2,0,0
17733,629,6,0,0
29444,1628,1,0,0
17114,1425,13,0,0
15096,28,7,0,1
49204,937,3,0,0
41721,1986,7,0,1
11795,1561,4,0,0
2952,58,9,0,0
16114,1522,5,0,0
27142,297,3,0,0
33855,134,8,0,1
40490,1355,6,0,1
23811,249,2,0,0
26222,1021,3,0,0
9260,550,8,0,0
27313,902,10,1,1
39520,1965,7,0,1
7521,1099,10,0,0
21500,1678,6,0,1
33637,834,14,1,1
17827,1192,1,0,0
46982,771,9,0,1
4458,1527,3,0,0
28582,1909,14,1,1
32217,1379,5,0,0
23264,1249,7,0,1
32010,1688,7,0,1
32596,1555,3,0,0
44411,146,4,1,1
29471,1984,10,0,1
38567,1265,7,0,1
17725,1908,8,1,1
33993,893,2,1,1
10893,344,9,0,0
31107,1773,7,0,1
25866,1059,13,0,1
39632,702,8,0,1
12423,1,6,1,1
45899,153,6,1,1
46920,429,9,0,1
45508,1969,4,1,1
7943,508,11,0,0
14310,1150,11,0,0
16556,491,5,0,0
31467,1506,9,1,1
10206,345,1,0,0
38057,1936,4,0,0
2572,1762,7,1,1
49959,221,11,0,1
6804,1939,9,0,0
3813,1943,14,1,1
5151,723,13,0,0
10856,1049,11,1,1
2575,528,12,1,1
36478,1206,13,0,1
4355,1523,10,0,0
14584,841,6,0,0
34603,1665,12,0,1
8358,1066,8,0,0
40847,1939,13,0,1
35296,481,9,0,1
45213,930,10,0,1
40294,1872,4,0,0
8633,1772,1,0,0
32681,872,14,0,1
5349,1463,8,0,0
19301,1426,2,0,0
9786,1570,11,0,0
46977,345,1,0,0
32107,1917,13,0,1
761,45,7,0,0
44943,1670,12,0,1
30237,21,10,0,1
47656,1658,9,0,1
42928,1094,11,0,1
48704,1888,12,0,1
10626,873,12,0,0
3474,48,9,0,0
25692,1515,3,1,1
29082,551,6,0,1
307,287,7,0,0
35533,1002,14,1,1
23297,1034,10,0,1
33500,542,9,0,1
3183,756,2,0,0
29428,274,8,0,1
46579,956,14,0,1
42991,600,7,0,1
20203,1780,4,0,0
39991,381,2,0,0
10854,1353,8,0,0
34547,479,11,0,1
16001,15,5,0,0
33104,516,6,0,1
7546,191,14,0,0
37311,1192,11,0,1
48331,1545,7,0,1
29401,621,10,0,1
26216,1161,1,0,0
41423,154,8,0,1
18852,1412,4,0,0
32476,1233,13,0,1
16769,272,9,0,0
33016,143,1,0,0
13495,1635,11,0,0
20521,1913,2,0,0
26442,1844,14,0,1
4995,1093,6,1,1
11123,247,11,0,0
10799,1285,10,0,0
9815,788,11,0,0
19269,79,14,0,0
16263,1682,1,0,0
5882,623,4,0,0
22741,1794,8,0,1
18892,1629,10,0,0
49592,525,5,0,0
35685,772,13,0,1
30782,938,9,0,1
47964,1645,11,0,1
18980,1354,11,0,0
38167,1213,6,0,1
42785,1119,1,0,0
18173,617,6,1,1
36135,1032,6,0,1
37274,67,13,0,1
24937,1520,6,0,1
17926,191,8,0,0
25081,1390,6,1,1
10482,768,5,1,0
4537,521,11,0,0
5535,990,2,0,0
24919,1141,4,0,0
36975,267,14,0,1
32082,1635,10,0,1
33428,485,5,0,0
12429,1533,10,0,0
25269,1322,4,0,0
22032,1933,2,1,1
34694,1188,7,0,1
11521,376,10,0,0
45133,653,10,0,1
7729,1292,2,0,0
8425,549,1,0,0
28595,1098,14,0,1
31850,1532,5,0,0
29719,73,12,0,1
40561,308,13,0,1
8364,199,1,0,0
12786,1154,1,0,0
46584,1782,1,0,0
24326,1848,6,0,1
6821,572,9,0,0
20709,791,10,0,1
7473,1639,13,0,0
38775,1832,11,0,1
48995,1856,12,0,1
29037,1511,1,0,0
5756,1877,5,0,0
9084,1175,9,0,0
30084,1693,14,0,1
8386,1230,9,0,0
6001,179,1,0,0
31652,197,8,0,1
25809,735,1,0,0
31155,89,8,0,1
37785,799,1,1,1
8529,1458,12,0,0
14816,788,5,0,0
48663,748,8,0,1
11238,1207,6,1,1
35398,209,9,1,1
23529,493,1,0,0
5872,1154,9,0,0
48344,665,1,1,1
48619,1037,10,0,1
35832,1658,10,0,1
40005,871,3,0,0
17447,732,1,0,0
17020,1130,3,0,0
31922,1399,12,0,1
46759,1606,11,0,1
40208,1731,13,0,1
23663,698,2,0,0
8067,1123,2,0,0
45283,594,9,0,1
11971,1611,8,0,0
28863,886,1,0,0
12016,852,12,1,1
8834,1216,14,0,0
33713,325,4,0,0
28279,979,13,0,1
35362,1750,1,0,0
12777,1851,1,0,0
18368,956,12,1,1
12430,1491,12,0,0
20833,894,4,0,0
38047,1391,2,0,0
27386,1342,3,0,0
6710,144,11,0,0
6530,384,9,0,0
40022,216,2,0,0
13928,1385,4,1,0
43013,324,1,0,0
31597,1039,2,0,0
39356,217,5,0,0
36718,1516,14,0,1
49941,951,10,0,1
46432,1571,1,0,0
26626,183,11,0,1
30258,270,7,1,1
25132,945,4,0,0
37946,1491,6,0,1
45036,870,8,1,1
29894,1636,13,0,1
5548,1543,6,0,0
28961,1566,14,0,1
28241,467,2,0,0
9174,305,1,0,0
6506,1168,8,0,0
31923,111,8,0,1
23391,1014,9,0,1
41668,232,6,0,1
32103,1715,12,0,1
46951,1608,1,0,0
34506,1746,14,0,1
23412,1756,9,1,1
43208,1616,12,1,1
1482,1524,13,0,0
34271,595,14,0,1
41879,1578,3,0,0
3392,1297,11,0,0
41879,1727,6,0,1
33287,173,10,0,1
12511,973,13,0,0
37385,1031,10,0,1
15522,1179,11,0,0
42568,1546,12,0,1
32471,546,14,0,1
5793,548,9,0,0
33635,1945,11,1,1
14918,518,13,0,0
31338,1944,3,0,0
30974,914,5,0,0
26815,215,13,0,1
27705,134,14,0,1
34417,285,5,0,0
31274,1150,10,0,1
10056,1945,7,0,0
39008,1463,4,0,0
10937,1873,11,0,0
3816,686,4,0,0
4581,1176,7,1,1
24382,331,9,0,1
6648,1562,11,0,0
37705,1407,4,0,0
7858,1139,4,0,0
43768,894,6,0,1
23277,1506,6,0,1
24122,1308,7,1,1
40861,899,1,1,1
5642,1099,13,0,0
25576,1190,11,0,1
30884,1213,14,0,1
22840,78,3,0,0
24917,947,9,0,1
47696,1626,6,0,1
16152,688,6,0,0
35253,21,5,0,1
47176,566,11,0,1
771,1208,3,0,0
263,1895,11,1,1
41524,1246,5,0,0
44102,827,14,0,1
4895,1352,1,0,0
10734,179,3,0,0
4898,1812,4,0,0
22520,1136,5,1,1
29400,1760,10,0,1
24445,1750,9,0,1
10849,1083,4,0,0
38695,1351,3,0,0
25221,905,10,0,1
37587,1645,1,0,0
28511,1921,13,1,1
33461,669,10,0,1
21323,191,6,0,1
7494,1224,7,0,0
14156,1336,10,0,0
28480,708,8,0,1
26135,1059,12,0,1
30720,379,1,0,0
19977,387,12,0,0
43504,1782,4,0,0
31011,237,11,0,1
32884,616,5,0,0
3291,1543,2,1,0
33260,283,1,0,0
25100,1,8,1,1
39140,1755,6,0,1
49823,464,5,0,0
3731,1254,13,0,0
6272,967,9,0,0
42180,172,13,0,1
23661,1111,11,0,1
24917,1577,13,0,1
20381,1147,11,0,1
28771,843,2,0,0
25464,1322,10,1,1
41774,1909,12,0,1
27525,1953,8,0,1
28702,690,11,0,1
23353,575,14,1,1
23572,1508,10,0,1
49330,165,13,0,1
8180,1723,9,0,0
7199,383,1,0,0
25531,209,7,0,1
31286,1763,8,0,1
47784,1456,3,1,1
30211,1413,14,1,1
39951,1584,4,0,0
22714,224,13,0,1
26824,3,3,0,1
42091,372,7,0,1
5040,1711,9,0,0
28858,1470,3,0,0
36324,611,13,1,1
7888,116,6,0,0
28182,1294,8,0,1
24134,447,6,0,1
35579,1392,2,0,0
11380,1277,13,0,0
18152,1341,7,0,0
16631,415,2,0,0
22904,1119,2,0,0
29003,1809,2,0,0
44957,892,11,0,1
10242,1048,1,0,0
49617,1652,14,0,1
48455,663,11,0,1
9966,1874,1,0,0
4631,1074,14,0,0
45554,1526,7,0,1
38198,718,13,0,1
38378,1522,14,0,1
28238,1359,14,0,1
27165,1103,14,0,1
30056,1606,12,0,1
41832,1051,5,0,0
39361,271,11,0,1
10859,562,3,0,0
5539,804,1,0,0
47341,247,11,1,1
42633,1800,10,0,1
28370,1615,6,1,1
13379,387,11,0,0
39379,702,1,0,0
44351,559,9,1,1
23988,973,2,0,0
17730,1385,1,0,0
35244,1890,12,0,1
31282,984,7,1,1
25638,1512,6,0,1
11924,352,6,0,0
32225,1725,14,0,1
7079,1952,5,0,0
26289,1280,11,0,1
42700,1246,4,0,0
12604,1908,11,0,0
20769,753,4,0,0
7010,781,3,0,0
46957,1025,10,0,1
35064,546,8,0,1
20231,1470,7,0,1
25327,79,9,0,1
6078,1260,1,0,0
22091,334,7,0,1
17253,889,10,0,0
33648,1373,4,0,0
42776,1122,7,0,1
39171,1106,13,0,1
47554,502,12,0,1
4083,1991,1,0,0
9603,1501,5,1,0
30021,1951,3,0,0
17005,1728,5,0,0
45938,765,4,0,0
24053,921,2,0,0
26906,550,11,0,1
45100,14,4,0,1
22268,392,3,0,0
4683,1371,13,0,0
38814,310,1,0,0
49245,386,12,0,1
39996,1233,10,0,1
11989,1381,8,1,1
27513,974,5,0,0
12375,1625,4,0,0
2561,1592,10,0,0
14391,1118,12,0,0
46904,1117,5,0,0
11535,340,4,0,0
28035,597,3,0,0
33553,1469,5,1,1
18644,757,4,0,0
12358,1046,1,0,0
30941,291,12,0,1
48858,1509,3,1,1
49290,1808,10,0,1
10836,306,10,0,0
37743,634,8,1,1
44050,1152,7,0,1
35064,625,2,0,0
28144,939,1,0,0
40033,1297,3,1,1
16097,848,5,0,0
14315,442,10,0,0
33169,503,11,0,1
24011,130,12,0,1
17130,1156,1,1,0
29434,597,3,0,0
14671,1959,3,0,0
42819,1506,5,1,1
29027,862,3,0,0
20814,1414,13,0,1
43641,593,9,1,1
23487,999,1,0,0
28544,325,4,0,0
49008,1093,13,0,1
20021,1684,13,0,1
13157,448,10,1,1
45368,1552,10,0,1
24958,819,4,0,0
48789,1641,1,0,0
44738,1189,14,0,1
26162,1512,2,0,0
36950,1737,11,0,1
46586,709,1,1,1
20667,1450,6,0,1
29839,1721,3,0,0
43385,1858,7,0,1
3854,265,5,0,0
27144,1899,9,0,1
1824,612,7,0,0
1476,1366,4,0,0
8806,832,5,0,0
8994,1750,5,0,0
18137,1302,11,1,1
18550,674,5,0,0
16506,1463,10,0,0
29825,157,9,0,1
6026,1446,10,0,0
39119,251,3,0,0
9596,878,6,0,0
36168,1633,8,0,1
29906,530,11,0,1
22763,327,9,0,1
41421,961,13,0,1
36595,895,7,0,1
22756,97,12,0,1
25960,513,3,0,0
49766,216,1,0,0
16932,1156,4,0,0
38887,1284,13,0,1
48331,125,6,0,1
21827,1106,3,0,0
42915,1307,14,0,1
29645,1707,1,1,1
44622,59,6,0,1
2620,1568,14,0,0
3181,161,1,0,0
34296,284,9,0,1
36835,106,11,0,1
39313,1129,14,0,1
14666,1463,12,0,0
14142,228,1,0,0
25598,1724,13,0,1
11429,1606,6,0,0
31756,318,1,0,0
2259,1488,12,0,0
38000,802,7,0,1
19463,1623,3,0,0
47801,1906,6,0,1
43341,874,7,0,1
19133,472,1,0,0
10905,1080,1,0,0
35951,625,13,0,1
26932,13,5,1,1
14044,1464,6,0,0
19973,1042,9,0,0
40472,694,14,0,1
24028,973,1,0,0
15479,113,13,0,0
36851,229,4,1,1
34646,171,10,0,1
24386,295,8,1,1
5210,189,10,0,0
12187,426,9,0,0
23862,977,13,0,1
17181,1103,3,0,0
35047,658,11,0,1
9696,919,2,0,0
38119,1206,4,0,0
42103,499,2,0,0
18413,1822,1,0,0
47739,762,12,0,1
1113,866,3,1,0
49478,826,7,0,1
23805,1732,13,0,1
1928,1859,13,1,1
8009,71,1,0,0
38456,248,2,0,0
13209,146,1,0,0
2123,1642,8,0,0
14637,1799,5,0,0
26761,1320,8,0,1
38759,582,3,0,0
33948,470,13,0,1
37904,1530,12,1,1
15479,193,7,0,0
27866,1092,8,0,1
43690,494,6,0,1
2663,1841,13,0,0
36160,52,13,1,1
29297,882,7,0,1
3686,363,14,1,1
16187,1821,12,0,0
48968,917,2,0,0
23325,474,8,0,1
29850,1870,5,1,1
6743,521,7,0,0
27623,1787,1,0,0
36827,1455,5,0,0
11105,1868,1,0,0
43643,1322,12,1,1
261,1459,13,0,0
16129,1720,8,0,0
49845,691,4,0,0
14326,1222,4,0,0
28831,1152,2,0,0
44022,532,5,0,0
44948,1435,1,0,0
3490,1958,9,0,0
6097,840,5,0,0
12793,1089,6,0,0
49915,1718,2,0,0
42192,241,10,0,1
641,1393,10,0,0
21917,536,1,0,0
37961,1408,4,0,0
13528,1455,7,0,0
44034,1991,6,0,1
48931,83,10,0,1
10358,982,1,0,0
16144,1855,1,1,0
29511,1721,8,0,1
5569,951,4,0,0
28954,1852,5,0,0
6356,611,13,0,0
10820,574,7,0,0
34037,286,8,0,1
33698,989,10,1,1
1751,1558,7,1,1
19294,459,2,0,0
25151,1236,14,0,1
27486,126,4,0,0
9618,1437,10,0,0
46126,1523,12,0,1
16284,425,1,0,0
33887,554,10,0,1
21721,610,9,0,1
10128,1985,3,1,0
12548,1567,12,0,0
45353,1182,3,0,0
34151,112,10,0,1
49911,402,9,0,1
30547,1783,10,0,1
18494,122,3,0,0
34601,273,8,0,1
30354,1318,2,0,0
18609,398,14,1,1
49098,471,13,1,1
14572,985,3,0,0
45757,1231,2,0,0
3571,1134,1,0,0
41896,1464,2,0,0
30368,1302,8,1,1
8429,1987,9,0,0
34965,1592,13,0,1
46950,1911,2,1,1
46798,1939,7,0,1
28372,569,5,1,1
42945,1964,3,0,0
6497,1506,9,0,0
32473,1827,6,0,1
35625,1138,11,0,1
24670,1917,1,0,0
18384,897,5,0,0
19094,820,7,0,0
23384,853,4,1,1
17933,1501,8,0,0
25222,710,10,0,1
5117,1957,5,0,0
16470,321,9,0,0
29352,179,9,0,1
8099,897,9,0,0
22536,219,1,0,0
43063,789,2,0,0
2196,1973,3,0,0
48301,1552,14,0,1
25379,492,4,0,0
43463,1915,10,1,1
48809,61,9,1,1
26301,1078,10,0,1
19815,1704,13,0,0
29409,538,6,0,1
15178,848,1,0,0
5205,988,12,1,1
29412,65,9,0,1
2939,1636,6,0,0
3484,586,4,1,0
43719,1728,14,0,1
42921,171,4,0,0
13593,1297,3,0,0
17169,1913,7,0,0
47007,1723,3,0,0
7631,535,2,0,0
37151,1415,10,0,1
7836,1964,8,0,0
7810,693,4,0,0
1719,1351,8,0,0
14075,108,1,0,0
45703,1871,5,0,0
23352,1186,13,0,1
15361,814,9,0,0
1531,1005,1,0,0
9167,452,11,0,0
37581,1230,13,0,1
27137,590,4,0,0
9657,1040,6,0,0
9535,327,10,0,0
37866,608,8,0,1
262,659,14,0,0
34842,2,3,1,1
19775,1034,5,0,0
8561,434,7,0,0
17115,125,1,0,0
32691,1105,7,0,1
28147,485,13,0,1
34882,652,12,0,1
9933,1862,11,0,0
7996,1174,8,0,0
33072,800,8,1,1
49833,873,9,0,1
41900,1364,6,0,1
30608,129,12,1,1
5447,438,6,0,0
30414,751,2,1,1
2743,501,3,0,0
40885,1082,4,0,0
18781,1222,4,0,0
38428,211,8,0,1
15992,1938,14,1,1
47399,902,1,0,0
17173,45,10,0,0
36868,1121,14,1,1
30782,1303,4,0,0
32362,535,11,1,1
31458,1434,12,0,1
14389,461,13,0,0
49923,391,11,0,1
8027,1871,11,0,0
48430,1068,4,0,0
1271,27,1,1,1
12018,794,3,1,0
42003,1121,5,0,0
39210,975,6,0,1
12029,548,9,1,1
2639,621,9,0,0
36827,567,9,0,1
46051,704,11,0,1
22769,1243,1,1,1
5532,185,12,0,0
20744,1093,9,0,1
18845,1853,13,0,0
28328,1154,8,0,1
34621,1591,2,1,1
31803,1914,13,1,1
27028,1633,11,0,1
18422,848,1,0,0
22460,599,1,1,1
29155,806,12,0,1
42991,1655,6,0,1
16476,1744,9,1,1
6688,1358,7,0,0
25100,1949,5,0,0
6404,1178,11,0,0
7445,1571,2,0,0
29400,79,1,0,0
24359,579,2,0,0
25570,1879,1,1,1
23117,413,3,0,0
15452,546,6,0,0
33465,1633,13,0,1
19546,169,8,0,0
2436,681,3,0,0
9979,1687,10,0,0
32416,583,9,0,1
33440,515,10,0,1
7621,1338,5,0,0
6271,32,7,0,0
23581,287,8,0,1
18574,594,3,0,0
46860,1067,2,0,0
44729,1927,2,0,0
45332,617,5,0,0
21108,1025,1,0,0
1733,1597,2,1,0
12585,270,13,0,0
43717,1204,9,0,1
3748,1760,7,0,0
48045,518,6,0,1
13240,1127,9,1,1
18021,1034,7,0,0
14457,583,14,0,0
46236,1114,11,0,1
3237,226,5,0,0
197,670,9,0,0
11507,1764,6,1,1
30675,917,6,0,1
12822,126,11,0,0
13024,956,4,0,0
3850,1233,13,0,0
27833,1121,12,0,1
8635,74,1,0,0
24587,1651,5,0,0
30751,1215,11,0,1
4766,1706,9,0,0
48877,1843,13,0,1
17094,1984,8,0,0
1827,1740,8,0,0
34722,56,5,1,1
10900,720,12,0,0
37923,553,9,0,1
43139,32,3,0,0
18808,1551,3,0,0
12919,574,1,0,0
9469,667,9,1,1
9383,284,6,0,0
30673,1745,2,0,0
13271,1856,8,0,0
31033,1518,12,1,1
5874,187,9,0,0
6619,498,9,0,0
11083,1466,2,1,0
31032,130,2,0,0
30898,639,13,0,1
18233,1316,7,0,0
15039,114,11,0,0
881,1223,4,0,0
49150,13,13,0,1
27724,1295,1,0,0
6923,1625,8,0,0
18589,1239,2,0,0
40061,444,14,0,1
29218,1814,3,0,0
34981,1536,5,1,1
16380,447,14,1,1
22363,986,3,1,1
13665,993,7,0,0
20454,715,7,0,1
43051,74,14,1,1
25743,537,2,1,1
23748,101,13,0,1
42071,176,13,0,1
18758,427,7,0,0
21353,1141,11,0,1
48663,1190,6,0,1
26490,41,10,0,1
23228,429,9,0,1
13589,344,13,0,0
38414,1448,9,0,1
32758,366,2,0,0
6952,1144,7,1,1
29550,609,5,0,0
2651,657,13,0,0
6511,728,6,0,0
49259,229,1,0,0
33343,825,7,0,1
21900,1154,6,0,1
10503,1376,4,0,0
7339,889,1,0,0
6810,1342,9,0,0
21484,984,4,0,0
21138,1673,2,0,0
40946,836,8,1,1
22547,1361,2,0,0
2385,1297,5,0,0
38091,117,11,0,1
13621,818,6,0,0
47757,368,11,0,1
7071,1118,13,0,0
29239,168,8,0,1
20009,954,11,0,1
11631,1739,1,1,0
14821,1365,1,1,0
19306,661,12,0,0
37811,1938,4,0,0
6630,695,5,0,0
11216,925,13,0,0
358,152,13,0,0
382,586,9,0,0
14037,1901,11,0,0
1998,913,14,0,0
4235,274,7,0,0
6729,1578,7,0,0
44036,496,8,0,1
19684,1748,5,0,0
23651,101,5,0,0
33480,557,1,0,0
47071,1106,14,0,1
17171,1553,9,0,0
20174,73,6,0,1
25288,1038,9,1,1
2407,1457,3,1,0
40001,157,5,0,0
11305,735,2,0,0
6006,132,10,0,0
2691,1362,5,0,0
15249,1019,13,1,1
45018,1428,13,0,1
40051,1400,13,1,1
25250,1912,14,0,1
31952,559,8,0,1
42970,107,11,0,1
49921,1644,2,0,0
1383,265,8,0,0
33791,1229,4,0,0
1225,1103,10,0,0
1629,155,10,0,0
26270,1807,1,0,0
8538,988,13,0,0
20195,997,5,0,0
16254,247,13,0,0
8104,531,1,0,0
9852,858,7,0,0
43460,1972,8,1,1
26919,538,3,0,0
36732,729,3,0,0
26615,1178,7,0,1
24317,154,4,0,0
23272,1710,3,0,0
33094,92,8,0,1
15136,1457,3,0,0
11839,338,13,0,0
32320,1504,14,0,1
49516,1717,7,0,1
9687,1155,2,1,0
44617,450,11,1,1
30229,810,11,0,1
745,787,1,0,0
31030,273,12,0,1
16399,1953,6,0,0
30190,588,8,0,1
22053,177,1,0,0
46543,1720,13,0,1
26575,831,10,0,1
18988,643,12,0,0
43832,1899,9,0,1
16187,1073,3,0,0
46405,567,3,0,0
46137,666,4,0,0
9446,1379,11,0,0
687,1736,1,0,0
12863,1332,9,0,0
42045,868,11,0,1
4179,1909,3,0,0
36216,1654,13,0,1
20315,1799,10,0,1
25917,1070,4,0,0
24865,302,1,0,0
30212,868,4,0,0
25656,912,13,1,1
18199,408,1,0,0
43653,1213,5,0,0
45196,822,5,0,0
6550,1854,14,0,0
13330,1153,11,0,0
29109,561,7,0,1
5533,1561,14,0,0
33966,1290,8,1,1
39964,1142,4,0,0
18810,464,7,0,0
11539,144,4,0,0
41955,442,3,0,0
16121,1224,6,0,0
6516,1181,4,0,0
7080,487,14,0,0
18158,860,3,0,0
11201,1158,9,0,0
40818,1936,5,0,0
32702,148,13,0,1
9222,1360,14,0,0
12676,1095,7,0,0
27616,1257,12,1,1
22533,1358,14,0,1
1189,811,6,0,0
37446,666,10,0,1
9227,90,5,0,0
10587,1358,7,0,0
255,199,11,0,0
2058,1185,6,0,0
10793,538,10,0,0
39212,1145,2,0,0
38647,301,13,1,1
28895,724,13,1,1
21547,1599,13,0,1
36698,963,3,0,0
41914,1460,2,0,0
25315,68,12,1,1
9894,1789,3,0,0
33309,1946,1,0,0
22524,459,8,0,1
47346,1538,6,0,1
37496,398,13,0,1
6470,620,2,1,0
9628,1310,8,0,0
28376,1585,6,0,1
44433,1164,7,0,1
8279,730,11,1,1
48881,556,1,0,0
16943,1953,7,0,0
24052,781,3,1,1
33260,1614,11,0,1
44998,1752,12,0,1
29616,894,8,0,1
10549,610,6,1,1
21225,748,4,1,1
7518,282,11,0,0
22846,661,8,0,1
2554,924,9,0,0
17861,1840,10,0,0
15323,996,2,0,0
6801,1960,6,0,0
2697,1602,5,0,0
241,746,5,0,0
2759,1481,10,0,0
21080,87,11,0,1
9131,1103,3,0,0
15137,1229,12,1,1
46838,791,8,0,1
38529,1361,14,1,1
6242,1278,8,0,0
12209,304,12,0,0
22110,1404,5,0,0
8887,130,8,0,0
42964,596,10,0,1
8572,1300,8,0,0
49675,1723,3,0,0
23483,558,2,0,0
4349,899,9,0,0
47817,1207,2,0,0
34618,1292,9,0,1
18451,1832,4,0,0
4188,1346,12,0,0
15382,1536,13,1,1
19430,1636,2,0,0
42509,78,10,0,1
21878,784,1,0,0
24364,1363,4,0,0
5175,674,9,0,0
10512,1580,12,1,1
48554,1533,9,0,1
28465,238,4,0,0
7330,1158,9,0,0
48300,1997,12,0,1
11102,1216,6,0,0
14047,1380,1,0,0
13786,278,10,0,0
29404,1042,13,0,1
13174,524,14,0,0
4593,180,6,0,0
34328,123,9,0,1
14240,1270,13,0,0
31755,1758,2,0,0
43572,1397,6,0,1
49537,1075,2,0,0
49516,1095,4,0,0
6916,480,8,1,1
11739,1584,13,0,0
47292,1043,7,0,1
46833,1798,11,0,1
29592,84,12,0,1
11340,1179,13,1,1
32798,565,9,0,1
27057,619,7,0,1
32908,357,1,0,0
5927,816,2,0,0
32862,647,6,0,1
8359,443,7,0,0
14949,1093,3,0,0
16332,523,9,0,0
40672,143,13,0,1
24273,192,7,0,1
5474,1411,14,0,0
21274,378,6,0,1
23667,581,13,0,1
35392,535,6,0,1
9377,1717,1,0,0
31700,1317,13,0,1
9985,1033,5,0,0
878,1295,10,0,0
29265,1411,3,0,0
1592,93,7,1,1
30562,1990,10,0,1
49912,529,3,0,0
13715,1178,5,1,0
45000,405,7,0,1
43046,840,14,0,1
7951,1173,3,0,0
16388,889,13,0,0
7256,1291,13,0,0
2144,422,10,0,0
7468,1864,2,0,0
20000,1642,6,0,0
30700,472,8,0,1
46503,893,4,0,0
25734,547,9,1,1
9268,631,12,1,1
21061,1550,12,0,1
49979,1527,8,1,1
44196,1038,7,0,1
46187,778,14,1,1
23952,1676,7,0,1
33210,1830,3,0,0
32274,364,14,0,1
34315,119,6,0,1
27055,1262,13,0,1
6681,546,13,1,1
44719,1193,5,0,0
6417,522,1,0,0
49778,634,11,0,1
42956,1937,3,0,0
45814,1681,13,0,1
26749,963,12,0,1
23232,958,1,0,0
16889,1759,4,0,0
14667,883,10,0,0
14968,1793,3,0,0
24470,780,11,0,1
42633,871,4,0,0
30583,516,9,0,1
12566,938,3,1,0
28903,1421,12,0,1
18330,866,6,0,0
17962,106,6,0,0
43455,1109,7,0,1
31359,214,9,0,1
33639,1145,12,0,1
22009,1156,7,0,1
30895,850,14,0,1
49168,197,1,0,0
8870,19,8,0,1
11193,642,5,0,0
46671,1036,9,0,1
293,1105,10,1,1
34875,330,13,0,1
17669,866,12,0,0
11290,774,5,0,0
42852,392,5,0,0
32427,637,12,1,1
42170,307,12,0,1
20489,1291,14,0,1
40297,1471,2,0,0
2361,1465,12,0,0
28469,895,11,0,1
26612,652,3,0,0
6816,841,10,0,0
21359,1026,9,0,1
29033,520,7,0,1
41789,1786,1,1,1
4478,1675,3,0,0
40683,636,12,0,1
46646,1333,2,0,0
19935,740,1,0,0
29133,1546,9,0,1
24100,469,8,0,1
45596,212,5,0,0
10432,1136,11,0,0
42704,1032,12,0,1
2900,804,2,0,0
29638,477,1,0,0
30219,874,7,0,1
8433,460,13,0,0
5510,253,11,0,0
17939,1550,11,0,0
30619,752,2,0,0
5908,1462,1,0,0
6896,1778,2,0,0
21280,981,7,0,1
43156,854,7,0,1
17809,1685,10,0,0
17643,236,6,0,0
37518,1330,5,0,0
29175,478,3,1,1
37855,679,14,0,1
48068,1044,12,0,1
37565,216,3,0,0
30602,855,11,1,1
16824,135,13,0,0
3928,905,12,0,0
17187,1153,9,0,0
12705,410,4,1,0
31437,1446,9,1,1
5582,1318,4,1,0
27105,1270,2,0,0
22860,1725,4,0,0
5563,1580,6,1,1
46728,86,6,1,1
5012,556,5,0,0
4748,1866,1,0,0
33723,1399,3,0,0
35734,1470,5,1,1
44702,378,6,1,1
49162,1414,14,1,1
49434,1681,1,1,1
3212,1075,14,1,1
22154,242,14,0,1
4592,1318,9,0,0
22307,920,14,0,1
15214,1587,3,0,0
34385,266,10,0,1
16118,1144,13,1,1
21486,712,3,0,0
17840,1941,11,0,0
44299,1272,2,0,0
8310,70,8,0,0
44463,1877,13,0,1
45739,57,3,0,0
12843,1406,6,0,0
42192,39,2,0,0
44399,801,7,0,1
6688,1467,13,0,0
3411,1042,4,0,0
22532,1976,9,0,1
33855,732,14,0,1
3421,825,10,0,0
15912,756,9,1,1
37483,352,7,0,1
48380,1996,12,0,1
13246,1840,8,0,0
13754,1322,3,0,0
35920,283,11,0,1
826,1610,5,0,0
3860,110,2,0,0
22290,1017,10,0,1
1975,1204,7,0,0
23477,1962,13,0,1
46837,544,8,0,1
4133,1770,9,1,1
38311,1818,11,0,1
17473,25,11,0,1
3844,843,7,0,0
25095,791,10,1,1
17077,738,10,0,0
32502,57,13,0,1
34642,180,8,0,1
10751,232,12,0,0
33803,1918,9,0,1
13495,343,6,0,0
29908,477,12,0,1
36676,1823,12,0,1
16815,576,10,0,0
44509,455,2,0,0
24406,1256,2,0,0
19186,289,4,0,0
14476,1237,9,1,1
5989,258,7,0,0
37922,530,2,1,1
36736,687,8,0,1
20684,929,11,0,1
49453,229,7,0,1
34710,1250,9,0,1
10158,596,8,0,0
9201,1827,3,0,0
12597,435,1,0,0
4758,882,2,0,0
11481,1021,14,0,0
40412,1782,13,0,1
40586,402,2,0,0
46719,622,4,0,0
17254,1790,6,1,1
19639,88,4,0,0
11877,584,9,0,0
34496,1917,4,1,1
30473,1566,6,0,1
33254,1708,6,0,1
6131,309,10,1,1
28097,906,11,0,1
6539,343,10,0,0
22885,436,1,0,0
13492,177,8,0,0
28769,139,12,1,1
29039,194,3,0,0
2382,1210,13,0,0
34724,1242,6,0,1
48538,1188,3,0,0
24464,1185,11,0,1
2098,943,2,1,0
31805,525,5,0,0
38344,1832,14,0,1
9528,1625,1,1,0
37537,1860,9,0,1
12436,1066,11,1,1
9442,915,7,0,0
39932,210,3,0,0
7546,741,4,0,0
38492,862,13,1,1
7561,1299,6,0,0
34687,954,3,0,0
10616,1303,12,0,0
13849,1275,7,0,0
17614,1334,13,0,0
35526,1744,6,1,1
36368,833,9,1,1
25050,140,12,0,1
34988,792,5,0,0
36888,546,4,0,0
10313,1845,3,0,0
36127,1017,10,0,1
28111,1928,1,1,1
42949,1554,3,1,1
34691,57,3,0,0
17958,112,7,0,0
18726,5,7,0,1
13567,1434,13,0,0
39858,1438,12,0,1
3234,1206,1,1,0
16843,1037,3,1,0
15534,1363,13,1,1
47875,1821,8,1,1
10333,1283,9,0,0
49246,90,7,0,1
1241,616,7,0,0
18119,891,12,0,0
20484,698,11,0,1
43003,1274,8,0,1
45834,1279,6,0,1
36229,1612,11,0,1
23067,898,3,0,0
40703,971,1,0,0
11272,1132,7,0,0
16490,668,1,0,0
3367,594,1,0,0
39432,589,9,0,1
26267,485,13,0,1
21412,982,10,0,1
27940,972,7,0,1
19090,1282,13,1,1
44279,639,11,0,1
6006,997,13,0,0
48896,1927,4,1,1
40479,282,6,1,1
17397,986,1,0,0
2111,1112,7,0,0
44114,1228,12,0,1
46658,16,6,0,1
11838,1175,4,0,0
28897,936,7,1,1
47598,254,3,1,1
11220,1212,1,0,0
8867,329,4,0,0
22952,544,3,1,1
13803,783,1,0,0
1029,997,2,0,0
12051,1421,11,0,0
26139,1541,5,0,0
48713,1483,8,0,1
29604,1354,1,0,0
17538,1844,4,0,0
48615,845,14,0,1
5844,1193,4,0,0
18384,1717,5,0,0
42517,366,7,0,1
39848,1202,13,0,1
7169,655,12,0,0
42459,1386,8,0,1
19899,760,6,0,0
33310,639,1,1,1
28326,1799,7,0,1
4752,1064,3,1,0
24423,924,13,0,1
42238,416,13,0,1
7697,1379,13,1,1
47193,255,6,1,1
37326,1167,8,1,1
6691,1776,7,0,0
49214,1764,10,0,1
25933,1877,6,0,1
11926,710,9,0,0
26517,577,9,0,1
18793,900,1,0,0
14238,11,1,0,0
2269,1644,1,0,0
18656,26,8,0,1
22152,957,12,0,1
6413,421,13,1,1
8415,1687,14,0,0
8136,1245,12,0,0
31878,1877,14,1,1
27834,496,10,0,1
23273,1261,7,0,1
30503,237,3,0,0
885,1009,13,0,0
6239,219,2,0,0
6444,1511,4,0,0
18900,1960,3,0,0
25472,461,7,0,1
20638,663,10,0,1
15073,635,8,0,0
5719,1168,6,0,0
34804,990,3,0,0
36675,189,6,0,1
40019,255,2,0,0
42361,68,12,0,1
45223,616,7,0,1
27816,336,14,0,1
3336,671,11,0,0
15948,821,10,0,0
2452,874,14,0,0
2032,1433,7,0,0
11013,300,4,0,0
8656,1932,13,0,0
21400,1626,8,0,1
5598,357,4,0,0
10682,256,7,1,1
46733,1008,4,0,0
9669,353,13,0,0
4957,1756,12,0,0
440,1545,5,0,0
44049,524,7,1,1
16866,1861,13,0,0
26232,950,14,0,1
8591,756,14,0,0
238,1718,13,0,0
458,284,10,0,0
9814,1336,3,0,0
19940,99,10,1,1
34495,197,5,0,0
30754,482,11,0,1
25979,878,14,0,1
16096,1250,3,0,0
37872,1869,5,0,0
26862,615,14,0,1
13383,618,3,0,0
39520,1389,11,0,1
19654,368,10,1,1
20319,570,11,0,1
35019,590,7,0,1
9529,1099,13,0,0
46940,1066,1,0,0
44795,422,9,0,1
39773,836,9,0,1
19318,1205,5,0,0
12552,545,9,0,0
49080,71,10,0,1
19051,1592,13,0,0
1407,1129,6,0,0
14952,1224,5,0,0
25332,1125,13,0,1
35528,768,3,0,0
43271,307,11,0,1
26585,1610,11,0,1
10338,1707,8,0,0
39075,377,4,0,0
1240,655,10,0,0
24942,678,13,0,1
26521,399,13,1,1
1808,1797,3,1,0
3730,221,13,1,1
19695,1619,6,0,0
10585,182,8,0,0
28408,307,13,0,1
44889,522,9,0,1
26186,1420,14,0,1
16959,1014,6,0,0
7784,4,5,0,0
25652,863,12,0,1
1307,1938,11,0,0
46199,848,2,0,0
2060,804,2,0,0
657,1305,9,1,1
29789,215,2,0,0
48751,972,2,0,0
13993,1634,3,0,0
32372,1444,3,0,0
982,101,4,0,0
37629,963,7,0,1
38735,1545,9,0,1
29635,573,2,0,0
12969,1333,4,0,0
7266,658,9,0,0
13082,939,14,0,0
40797,1955,2,0,0
38215,1534,10,0,1
7369,1087,11,0,0
28164,1657,13,0,1
13627,226,1,0,0
2554,105,10,0,0
20978,1998,8,0,1
13091,772,9,0,0
2908,1885,7,0,0
39510,1449,8,0,1
36693,1279,4,1,1
36404,429,4,0,0
30486,434,13,0,1
48177,1231,2,0,0
3902,1052,8,0,0
28853,682,11,0,1
21183,1360,2,0,0
18454,588,9,0,0
22290,1652,14,0,1
6242,1093,4,0,0
28498,866,1,1,1
41962,746,13,0,1
33232,1537,4,0,0
19603,1191,3,0,0
48556,864,12,0,1
34731,1754,6,0,1
16599,1809,7,0,0
39952,368,8,0,1
8116,251,2,0,0
2484,859,6,0,0
15172,856,6,1,1
36803,1955,10,0,1
45995,1710,12,0,1
14582,1194,5,1,0
40610,1782,10,0,1
49033,1959,10,1,1
21926,1114,7,0,1
2590,561,3,0,0
46192,1470,4,1,1
25618,294,10,0,1
24145,919,13,1,1
27010,1174,9,0,1
24666,1156,4,1,1
34005,433,3,0,0
27203,59,14,0,1
36288,969,2,0,0
5945,836,5,1,0
21262,199,4,0,0
36774,215,13,0,1
19437,898,13,0,0
22413,1585,8,0,1
27043,472,7,0,1
12513,1768,6,0,0
376,247,11,0,0
17711,382,12,0,0
39205,991,2,1,1
12044,1263,3,0,0
16006,927,10,0,0
49947,1391,9,0,1
20636,1192,13,0,1
27910,560,9,0,1
12406,1075,5,0,0
10603,1835,14,0,0
19325,1634,3,0,0
37076,1975,2,0,0
11690,1752,8,0,0
10986,689,6,0,0
12966,380,10,0,0
1188,474,11,0,0
3463,1104,12,1,1
32892,697,7,0,1
9864,1391,1,0,0
20720,1485,1,0,0
42827,911,10,0,1
13035,1563,2,0,0
8168,1476,10,0,0
7395,1488,3,0,0
41260,960,12,0,1
11490,478,1,0,0
41316,1004,14,0,1
20231,926,5,0,0
29318,1444,3,1,1
10533,707,1,0,0
15138,1238,8,1,1
28282,1393,12,0,1
11628,854,11,0,0
21381,1138,6,0,1
48611,1017,9,0,1
8705,754,3,0,0
34882,503,9,0,1
1481,1660,9,0,0
1198,817,12,0,0
19910,588,13,0,0
24422,1335,12,0,1
41969,1493,1,0,0
33055,1848,3,0,0
44816,708,6,0,1
10307,1887,8,0,0
21893,1068,4,0,0
2192,1439,5,1,0
28320,1722,9,0,1
18614,1879,6,0,0
38110,1270,12,0,1
8649,1973,7,0,0
22131,1108,7,0,1
5285,207,4,0,0
15371,151,4,0,0
5876,668,4,0,0
12549,528,14,0,0
24397,165,11,0,1
40691,917,5,0,0
15817,1999,5,0,0
40223,1169,8,0,1
39333,1010,9,0,1
45605,37,2,0,0
46192,333,11,0,1
10450,403,7,0,0
30722,414,1,0,0
35423,45,1,0,0
3051,1426,4,0,0
17722,206,10,0,0
4827,62,7,0,0
38554,420,2,0,0
36569,868,11,1,1
35648,1492,2,0,0
23882,820,1,0,0
28554,19,10,0,1
2468,365,2,0,0
15692,1324,13,0,0
22273,1031,7,0,1
33304,1785,9,1,1
35696,428,6,0,1
34424,1141,10,0,1
46232,580,2,0,0
23964,1531,12,1,1
47929,546,10,0,1
30850,1730,10,0,1
10676,325,13,0,0
16666,55,9,0,0
7290,778,7,0,0
23171,992,11,0,1
38433,42,1,0,0
15469,1321,12,0,0
24135,1997,9,0,1
1689,231,2,0,0
25335,453,4,0,0
259,1914,9,0,0
12245,394,4,0,0
15473,1546,3,0,0
32021,1382,1,0,0
39423,1468,7,0,1
16337,1152,6,0,0
42071,691,10,0,1
8344,1429,4,0,0
14843,392,6,0,0
31666,1217,6,0,1
46201,604,13,1,1
46209,881,4,0,0
18791,1767,14,0,0
34096,1102,13,0,1
5690,85,6,0,0
5685,1054,10,0,0
9327,1749,11,0,0
28378,49,8,0,1
38914,1801,13,1,1
12337,1169,3,0,0
15749,69,4,0,0
37813,1082,10,0,1
8027,697,13,0,0
45509,1598,12,1,1
48866,479,14,0,1
46254,820,1,0,0
7116,1469,4,1,0
14127,1320,11,0,0
48788,1702,10,0,1
24242,1195,10,0,1
46620,1599,12,0,1
23645,147,14,1,1
31997,1508,9,0,1
3267,1330,8,0,0
44857,1697,11,1,1
27017,1677,4,0,0
22836,1870,12,1,1
28090,1016,7,0,1
14187,609,10,0,0
22540,446,3,0,0
35305,221,9,0,1
15375,1579,10,0,0
5376,1969,4,0,0
41727,1828,2,1,1
40686,1402,10,0,1
37596,1644,5,0,0
19108,1290,2,0,0
5838,95,14,1,1
32502,262,10,0,1
5893,1849,6,0,0
37391,897,11,0,1
5671,1095,10,0,0
31431,1978,1,1,1
16309,219,14,0,0
48114,1557,6,0,1
25494,92,4,0,0
43248,127,3,0,0
25782,80,2,0,0
2324,1848,7,0,0
41257,1262,9,0,1
48795,983,12,0,1
44552,1396,3,1,1
43508,916,6,0,1
32541,486,9,0,1
41530,694,2,0,0
39229,25,7,0,1
34816,156,5,0,0
44959,1541,5,0,0
26686,632,11,0,1
44860,1813,7,0,1
23578,1554,9,0,1
6418,1967,4,0,0
28794,1734,9,0,1
20280,1081,14,0,1
12280,1629,13,0,0
33102,19,11,0,1
15472,1408,10,0,0
29896,1889,9,0,1
24527,1217,13,0,1
33390,237,4,0,0
28199,1411,3,0,0
45586,1450,2,0,0
9921,277,9,0,0
5932,1251,12,0,0
12920,745,2,1,0
16311,552,6,0,0
39990,1347,5,0,0
5942,1177,14,0,0
1416,639,5,0,0
46068,237,4,0,0
17608,998,6,0,0
22105,55,5,0,0
15306,1460,11,0,0
19071,684,4,0,0
25699,109,13,0,1
22156,1890,9,0,1
1478,1208,13,0,0
1619,1975,6,0,0
22261,1392,11,0,1
40803,1222,10,0,1
38961,1395,10,0,1
5455,373,13,0,0
9183,973,10,0,0
38442,1521,13,1,1
20556,1623,3,1,1
13424,201,10,0,0
2357,849,6,0,0
27464,509,14,1,1
25072,1346,1,0,0
46279,275,5,0,0
26754,211,10,0,1
15333,504,6,0,0
15987,1927,11,0,0
29420,1142,8,0,1
20908,703,11,0,1
30254,1578,9,0,1
34873,42,11,0,1
27847,315,3,0,0
10960,788,2,0,0
42938,329,13,0,1
42256,1041,4,0,0
18256,283,8,0,0
20460,943,11,0,1
18235,258,8,0,0
25451,575,3,0,0
30599,574,4,0,0
47477,612,3,0,0
23654,1043,10,0,1
49231,1553,2,0,0
19704,837,4,0,0
17023,423,6,0,0
47691,1490,11,0,1
8647,1397,14,0,0
44383,758,11,0,1
33102,763,5,0,0
14662,1991,3,1,0
7580,1105,2,0,0
26772,1575,9,0,1
4313,1572,1,0,0
10393,424,9,0,0
34541,429,1,0,0
2200,1412,14,0,0
44717,1945,7,0,1
28272,1733,6,0,1
20232,1694,7,0,1
18299,204,3,0,0
36709,196,14,0,1
43065,728,3,0,0
8116,285,13,0,0
39879,1993,11,0,1
37361,196,1,0,0
31981,307,4,0,0
17158,1688,12,0,0
24572,14,2,0,1
41446,1861,10,0,1
35026,1170,8,0,1
34932,1962,3,0,0
36121,1081,7,0,1
24187,723,7,0,1
12928,780,12,0,0
31228,1234,9,1,1
1501,529,6,0,0
19743,798,1,0,0
15293,344,8,0,0
26953,1739,1,0,0
44964,1635,3,0,0
20407,1303,11,0,1
37082,209,5,0,0
19711,641,8,0,0
43891,1359,9,0,1
12050,1312,7,0,0
10804,252,9,0,0
43211,1289,11,0,1
11967,271,3,0,0
2845,1948,13,0,0
3966,920,5,0,0
32345,1724,10,1,1
44824,419,8,0,1
5918,1750,12,0,0
48961,795,1,0,0
30216,1235,8,0,1
15593,1389,7,0,0
28138,1100,1,0,0
20547,1684,13,0,1
30531,1345,13,1,1
18008,725,10,0,0
29436,433,12,1,1
41092,109,10,0,1
4125,641,12,0,0
20193,1546,6,0,1
6255,1071,1,0,0
46707,379,2,0,0
33587,1851,5,0,0
47758,1120,2,1,1
21063,958,14,1,1
21036,103,10,0,1
4526,892,1,0,0
23403,854,6,0,1
45380,1170,8,0,1
27706,1904,8,0,1
47932,1966,13,1,1
28251,1952,13,0,1
13867,1051,8,0,0
11408,1756,11,0,0
44345,530,6,0,1
45771,679,11,0,1
24870,1969,3,0,0
28672,989,1,1,1
41548,1106,2,0,0
2304,428,5,0,0
27333,1608,13,0,1
21829,822,10,1,1
31231,1503,5,1,1
33970,1790,10,0,1
38111,1186,14,0,1
39482,1863,1,1,1
49167,932,1,0,0
41575,1426,9,0,1
46781,1532,2,0,0
21707,1062,7,0,1
25068,1979,10,0,1
33498,511,4,0,0
12008,393,7,0,0
26523,713,8,0,1
43715,494,5,0,0
9271,1224,13,0,0
12821,1279,12,0,0
49529,1203,12,0,1
16716,547,1,0,0
42612,594,4,1,1
38558,389,10,1,1
46269,1422,3,1,1
7759,1756,10,0,0
43469,158,12,0,1
11804,1028,5,1,0
32893,167,10,0,1
48252,1492,13,0,1
46573,960,10,0,1
31326,409,13,0,1
23952,1436,6,0,1
32182,1228,2,0,0
22894,194,7,0,1
41520,235,13,0,1
13479,718,3,1,0
7106,1174,1,0,0
8782,1183,10,0,0
33940,1303,3,1,1
32530,816,9,0,1
23191,404,10,0,1
33083,893,11,0,1
24089,678,11,0,1
10015,1335,6,1,1
42652,68,11,0,1
19090,1487,6,1,1
24834,88,4,0,0
14924,217,8,0,0
36181,1,5,0,1
11133,1159,7,0,0
42836,1721,9,0,1
16341,1375,13,0,0
6039,140,13,0,0
47564,618,14,0,1
47662,133,5,0,0
35163,1644,11,0,1
34564,178,14,0,1
11285,810,5,0,0
27145,1382,14,1,1
44869,380,4,0,0
47218,908,6,0,1
19267,1895,2,0,0
36512,658,3,0,0
21725,450,1,1,1
39288,586,2,0,0
27176,463,2,1,1
44705,990,8,0,1
19129,1132,8,1,1
23073,122,2,0,0
39221,17,13,0,1
31533,1220,14,0,1
43409,327,6,0,1
2032,318,5,0,0
44354,809,3,0,0
1857,1503,5,0,0
30822,1276,5,0,0
37953,503,5,0,0
38505,119,3,0,0
1216,1698,3,0,0
43627,710,4,0,0
11791,1522,7,1,1
592,1510,12,0,0
27982,45,12,0,1
8911,314,12,0,0
27908,1203,14,1,1
24372,1918,2,0,0
28499,418,10,0,1
6574,556,4,0,0
27056,1807,4,0,0
47253,1102,1,0,0
42606,326,10,0,1
14079,1714,8,0,0
44623,1381,1,1,1
42665,1440,8,0,1
28428,1987,7,0,1
47475,515,9,0,1
12967,214,8,0,0
25951,1878,5,0,0
31379,74,8,0,1
30627,1587,14,0,1
7966,1603,11,0,0
15549,509,10,1,1
10785,332,12,0,0
23644,1117,12,0,1
5551,688,3,0,0
21742,657,10,0,1
41416,1543,7,0,1
40054,1293,12,0,1
38970,1400,4,0,0
31130,1858,5,0,0
30973,1028,9,0,1
719,1162,7,0,0
33750,1255,4,0,0
25472,600,6,0,1
3742,1553,10,0,0
28101,1076,14,0,1
34164,1670,11,0,1
29390,1747,7,0,1
14222,325,13,0,0
24920,992,10,0,1
2995,1994,13,0,0
5466,1929,9,0,0
8811,1755,4,1,0
19696,717,10,0,0
18893,723,3,0,0
8299,277,8,0,0
10817,536,1,0,0
36291,1510,9,0,1
10311,1540,13,0,0
45650,152,1,1,1
23460,955,2,1,1
21642,1507,13,1,1
31412,259,8,0,1
45342,324,9,1,1
36535,1017,7,0,1
28347,869,3,0,0
22457,1192,7,0,1
41145,688,6,0,1
27791,310,2,0,0
12524,803,3,0,0
18952,1503,11,0,0
22701,1080,13,1,1
18120,620,12,0,0
8255,473,13,0,0
3683,1320,10,0,0
15615,461,10,1,1
36877,1348,13,0,1
19810,814,12,0,0
43278,846,5,1,1
24632,1165,10,0,1
18701,667,4,0,0
5067,262,2,0,0
18853,1809,4,0,0
20122,1444,12,0,1
43563,1768,8,0,1
9235,1265,5,1,0
5822,355,5,1,0
27513,1873,13,0,1
27336,770,12,0,1
15614,1785,12,1,1
43996,1613,10,0,1
37312,180,3,0,0
40486,66,13,0,1
20431,820,8,0,1
18160,1372,6,0,0
1296,171,2,0,0
12397,474,2,0,0
2887,534,9,1,1
23916,1391,13,0,1
40795,1131,7,0,1
19802,439,10,1,1
25342,835,9,0,1
2276,227,14,0,0
20227,1468,6,0,1
41660,442,5,0,0
27328,396,12,0,1
20308,728,1,0,0
28582,1605,12,0,1
9271,84,6,1,1
35319,1639,6,0,1
33496,1575,3,0,0
42689,1037,3,0,0
40646,1833,3,0,0
3796,1849,3,0,0
20158,693,7,0,1
20413,493,10,0,1
19249,1292,11,0,0
45840,1549,2,0,0
41175,1144,10,0,1
5056,970,13,1,1
10295,353,10,0,0
17176,1081,2,0,0
1205,40,3,0,0
15517,1910,10,0,0
24829,1360,12,0,1
47056,640,7,0,1
30199,173,3,0,0
32698,1571,7,0,1
30061,259,9,0,1
12702,1912,11,0,0
9356,517,10,0,0
20684,730,12,0,1
47080,523,11,0,1
34781,1918,4,1,1
25892,839,7,0,1
22004,117,9,0,1
43461,184,14,1,1
34640,1930,8,0,1
26636,1898,8,0,1
19264,1140,9,0,0
13096,162,14,0,0
2971,1603,5,0,0
46102,1736,14,1,1
49912,543,5,0,0
22726,1611,3,0,0
10621,1261,5,0,0
43510,839,8,0,1
1232,1090,12,0,0
33567,1094,5,0,0
14634,1833,4,0,0
23954,447,8,0,1
43098,416,7,0,1
39165,532,14,0,1
45707,441,14,0,1
7912,738,6,0,0
4657,1970,5,1,0
2279,464,14,0,0
43898,1945,5,0,0
9165,396,13,0,0
8375,711,10,0,0
47957,1575,2,0,0
36048,1681,13,0,1
20800,1581,4,0,0
39564,395,8,1,1
42451,326,8,1,1
27894,1917,11,0,1
28883,1943,1,0,0
17098,1115,2,1,0
13969,750,5,0,0
44625,1094,9,0,1
28252,1190,10,0,1
21054,642,11,0,1
31655,214,12,0,1
16754,1876,13,1,1
45126,1625,11,1,1
35336,1359,7,0,1
47076,1788,10,0,1
15142,369,5,0,0
26066,1885,1,0,0
48507,1608,6,0,1
44414,1701,12,0,1
45195,49,8,0,1
14370,1076,7,0,0
31008,1313,2,1,1
15623,1814,12,1,1
47168,1650,5,0,0
20091,1263,14,0,1
10875,133,11,0,0
12365,999,4,0,0
19559,786,9,1,1
16773,1190,10,0,0
27156,1398,1,0,0
6714,373,12,0,0
36120,1829,6,0,1
7515,1502,3,0,0
23255,1779,11,0,1
49530,479,9,0,1
43984,832,5,0,0
17064,650,13,0,0
37826,1615,6,0,1
37144,682,11,1,1
37644,1659,9,0,1
32352,688,9,0,1
3932,1324,8,0,0
25375,82,9,0,1
15001,87,4,0,0
38313,225,6,0,1
34248,16,5,0,1
42733,822,5,0,0
23018,1382,4,0,0
46794,163,2,0,0
19640,1634,12,1,1
11680,1692,6,0,0
38502,514,9,0,1
38678,350,12,1,1
25017,1933,1,0,0
22418,681,14,0,1
10279,1488,7,0,0
12351,1851,6,1,1
45999,1861,3,0,0
19593,1399,1,1,0
20566,1116,13,0,1
30306,181,4,0,0
45575,743,14,0,1
19724,1325,9,0,0
26664,660,2,0,0
22512,1816,3,0,0
28090,1213,2,0,0
35617,1883,14,0,1
13256,1886,2,0,0
23164,1338,10,0,1
25811,493,11,0,1
30206,923,11,0,1
16689,1946,8,0,0
23836,128,3,1,1
21075,1543,7,0,1
36318,1450,8,0,1
7314,1583,3,0,0
30681,565,2,0,0
20295,1211,13,0,1
44682,550,13,0,1
27227,453,8,1,1
5241,471,3,0,0
28984,988,7,0,1
24985,738,12,0,1
2808,1589,1,0,0
18475,1935,14,0,0
15188,224,12,0,0
44702,154,6,0,1
45146,560,12,0,1
10114,351,12,0,0
3373,1171,13,0,0
47235,1929,9,0,1
37406,1600,12,0,1
30981,349,3,0,0
31586,182,14,0,1
12641,637,7,0,0
8812,1018,13,0,0
9268,179,6,1,1
3651,1063,8,0,0
12397,772,3,0,0
43833,894,3,0,0
27228,1027,4,0,0
2932,1016,3,0,0
28583,64,9,0,1
22163,29,11,0,1
23063,372,4,0,0
13522,1547,6,0,0
33020,97,8,0,1
11256,1894,11,0,0
11208,1466,13,1,1
31945,1227,8,0,1
2900,1435,5,0,0
38178,993,5,0,0
42812,21,6,1,1
2710,1575,10,1,1
12167,735,7,0,0
33972,1126,13,0,1
10828,1070,13,0,0
29666,66,10,0,1
29883,603,14,1,1
20683,1188,7,0,1
20338,1995,13,0,1
7363,1135,4,0,0
2014,338,6,0,0
23849,123,7,0,1
19556,1729,5,0,0
25682,447,5,0,0
506,611,2,1,0
13789,1315,7,0,0
33034,671,12,0,1
33376,1436,6,0,1
36532,615,11,0,1
19973,897,1,0,0
13150,281,4,0,0
780,1067,3,0,0
19008,1510,12,0,0
18604,596,3,0,0
21744,1987,7,0,1
37225,703,11,0,1
1463,1075,12,1,1
42391,1922,10,0,1
35160,210,4,0,0
1638,126,12,0,0
36276,492,8,0,1
41620,1533,11,0,1
25775,960,9,0,1
18387,970,3,0,0
274,581,5,0,0
26832,777,4,1,1
35098,258,14,0,1
37155,1954,12,0,1
12212,1212,10,0,0
39974,230,6,0,1
9789,189,11,1,1
44914,1439,10,0,1
19655,10,4,0,0
34019,1138,8,0,1
7719,1100,3,0,0
6133,676,11,0,0
41428,502,5,0,0
5046,85,13,1,1
24718,49,1,0,0
34775,1519,13,0,1
36358,838,6,0,1
19019,1008,11,0,0
4273,689,5,0,0
43933,387,8,0,1
26500,970,9,0,1
4869,1413,8,0,0
37664,1006,8,0,1
45914,218,12,1,1
14311,1725,14,0,0
23355,1005,13,0,1
28062,1370,3,0,0
19456,1254,4,0,0
20406,255,11,0,1
5097,236,4,0,0
17476,1050,14,0,0
40980,1608,11,0,1
38155,1285,5,0,0
10678,1790,13,0,0
18724,271,9,0,0
39294,123,12,1,1
44467,656,9,0,1
489,1281,10,1,1
33867,1680,13,1,1
45680,1445,12,0,1
48467,259,14,0,1
1955,948,1,1,0
40993,47,14,0,1
13894,863,14,0,0
35631,525,8,0,1
5086,888,14,0,0
32398,208,1,0,0
1581,1335,2,0,0
3831,747,7,0,0
16935,149,8,0,0
27898,1858,1,0,0
26213,438,3,0,0
19577,155,7,1,1
17366,1702,13,0,0
20892,1114,9,0,1
20552,1722,8,1,1
43626,1854,8,0,1
49179,358,9,0,1
41434,1198,10,1,1
11989,1241,3,1,0
24435,1931,8,0,1
11354,456,1,0,0
21174,776,8,1,1
11542,1633,13,0,0
46389,629,7,0,1
37427,1223,13,0,1
16299,832,8,0,0
7391,486,1,0,0
41028,533,6,0,1
212,200,7,0,0
21615,371,14,0,1
19681,1014,11,0,0
48792,1983,5,0,0
26600,853,14,0,1
32126,1472,5,1,1
16623,248,7,0,0
1524,788,11,0,0
19652,264,3,0,0
10908,1082,6,0,0
38911,1326,7,1,1
7089,31,1,0,0
23720,1522,12,0,1
39129,1273,2,0,0
987,605,12,0,0
31902,1801,4,0,0
19588,1295,13,0,0
30113,1630,8,1,1
49301,1690,11,0,1
16502,1418,13,0,0
21305,1821,14,0,1
26149,502,10,0,1
12353,1616,6,0,0
19090,1828,1,0,0
7946,1108,10,0,0
25127,1389,5,0,0
39300,886,7,0,1
46320,549,13,0,1
46263,1366,6,0,1
3865,839,13,0,0
16050,1431,13,0,0
45370,1449,12,0,1
9841,1768,9,0,0
22842,1117,8,0,1
24803,848,4,0,0
38809,614,13,0,1
37723,412,11,0,1
23031,432,12,1,1
23680,678,5,0,0
15266,159,7,0,0
29340,14,8,0,1
26091,373,5,0,0
38656,225,9,0,1
33069,1529,14,0,1
10661,1097,10,0,0
17001,1273,12,0,0
40605,511,4,0,0
30120,603,4,0,0
26017,216,13,0,1
2088,1997,8,1,1
48309,1626,1,1,1
44605,1565,8,0,1
14356,1971,5,1,0
22292,1841,13,0,1
28330,1963,14,0,1
40030,988,11,0,1
45933,1244,1,0,0
22725,840,4,0,0
32188,727,2,1,1
14214,1245,4,0,0
41267,1413,8,0,1
38501,554,5,0,0
5855,1671,1,0,0
10925,1066,7,0,0
22793,676,1,0,0
4217,873,9,0,0
24829,283,3,1,1
32282,1082,12,1,1
28990,1838,3,0,0
29440,834,6,0,1
1618,537,10,0,0
31049,1097,6,0,1
22647,1909,13,0,1
16446,923,11,0,0
2700,1153,11,0,0
46105,1623,6,0,1
29367,842,13,0,1
36422,1450,1,1,1
27090,948,5,0,0
16293,665,12,1,1
30209,1718,6,0,1
19333,1149,8,0,0
48121,67,13,0,1
16294,6,1,0,0
34610,637,5,0,0
1406,314,3,0,0
3949,1350,2,0,0
12460,565,11,0,0
45636,1602,8,1,1
29331,826,7,0,1
45900,506,10,0,1
37063,1106,7,0,1
18789,1623,5,0,0
29184,1026,12,1,1
40487,204,13,0,1
9380,662,9,0,0
2742,805,5,0,0
42237,404,2,0,0
14396,1127,3,0,0
15538,536,4,0,0
48542,1392,5,1,1
37625,1236,13,1,1
3094,577,3,0,0
48094,1985,12,0,1
34139,1233,14,0,1
1913,763,7,0,0
27591,1921,5,0,0
18945,117,5,0,0
41343,628,6,1,1
37264,749,7,0,1
42151,1502,10,0,1
13418,105,10,0,0
17300,495,8,0,0
182,1795,9,0,0
2020,46,11,0,0
40685,823,4,0,0
11783,1355,5,0,0
11436,1240,5,0,0
15696,982,8,0,0
2193,960,9,0,0
13005,1516,7,0,0
24451,1837,5,0,0
31081,1946,3,1,1
8467,845,1,0,0
5385,449,11,1,1
43764,536,9,0,1
37805,511,5,0,0
16853,1482,9,0,0
18585,1571,10,0,0
13077,1560,12,0,0
19974,540,13,0,0
7774,1508,14,0,0
29138,16,4,0,1
29415,1595,5,0,0
3776,243,4,0,0
2526,1974,2,0,0
24573,1231,12,0,1
3062,912,1,0,0
30043,1295,8,0,1
959,761,4,0,0
44916,1803,5,0,0
4238,705,6,0,0
35292,1871,14,0,1
25740,1754,8,0,1
10509,115,11,0,0
4117,1604,8,0,0
10551,1323,7,1,1
28427,1861,4,0,0
10378,1507,6,0,0
25044,397,4,0,0
43864,394,14,0,1
1234,1099,7,0,0
30231,978,12,0,1
37987,1506,13,0,1
38562,1127,12,0,1
22620,297,13,0,1
21969,1002,13,0,1
37032,178,11,0,1
5139,1239,14,0,0
21381,967,1,0,0
47499,315,5,0,0
10542,1063,14,0,0
8352,259,10,0,0
27686,1740,12,0,1
17668,7,10,0,1
20910,49,4,0,0
1651,1562,11,0,0
12725,161,7,0,0
34497,1893,13,0,1
26349,176,9,0,1
1461,1615,5,0,0
26249,1026,4,0,0
4470,1001,9,0,0
5383,1919,5,0,0
7710,455,9,0,0
43426,1952,8,0,1
15024,1668,4,0,0
47707,276,11,0,1
44817,498,11,0,1
10726,1653,7,0,0
34861,676,5,0,0
969,1824,10,0,0
31652,1052,4,0,0
1114,1357,5,0,0
10203,1025,5,0,0
17086,1212,11,0,0
44881,56,9,1,1
30571,547,12,0,1
33558,1136,9,0,1
25169,1822,6,0,1
16973,1334,14,0,0
23348,36,4,1,1
23724,439,2,0,0
43616,1753,14,0,1
29161,1616,3,0,0
24270,1850,2,0,0
8124,595,5,1,0
16778,1601,6,1,1
38356,1349,11,0,1
20511,1664,5,0,0
43903,307,2,0,0
19396,1558,12,0,0
26393,1752,5,0,0
27272,619,9,0,1
21228,1133,4,1,1
18357,1396,12,0,0
12955,357,10,0,0
19742,181,2,0,0
35685,1380,3,1,1
20125,1700,3,0,0
4558,68,9,0,0
5407,292,4,0,0
41801,692,1,0,0
18525,181,1,1,0
49931,1490,7,0,1
43527,434,7,0,1
28373,1488,2,0,0
38606,1705,9,0,1
5768,914,9,0,0
26034,1558,5,0,0
47295,66,3,0,0
7797,1045,3,1,0
24517,1636,12,0,1
16546,384,3,0,0
40697,1836,6,0,1
10851,1639,4,1,0
46318,1583,8,0,1
7452,39,13,0,0
13616,1309,11,0,0
23399,822,13,0,1
32057,602,11,0,1
29027,1621,11,1,1
41194,785,5,1,1
36512,1360,1,1,1
29593,1212,9,0,1
26811,671,1,1,1
8103,1267,6,1,1
31807,1097,1,1,1
3378,479,3,0,0
7396,1998,10,0,0
25498,561,5,0,0
35942,101,10,1,1
13361,514,7,0,0
11273,1780,14,0,0
30549,176,10,1,1
41180,238,8,0,1
1737,910,12,0,0
31881,1083,9,1,1
13752,1889,6,1,1
5203,1123,11,0,0
25600,1978,9,1,1
49896,871,8,0,1
34900,1978,9,0,1
35629,495,10,0,1
48063,947,4,0,0
18552,1538,9,0,0
49493,755,7,0,1
31274,1321,5,1,1
35536,211,5,0,0
47506,1147,1,1,1
16054,1253,2,0,0
17286,1618,10,0,0
12456,1680,3,1,0
33063,1412,14,1,1
2287,140,14,0,0
11807,541,8,0,0
35198,1415,6,0,1
27035,270,12,0,1
21325,1783,10,1,1
3706,1036,11,0,0
32928,1891,13,0,1
26589,1413,14,0,1
14487,1361,5,0,0
4027,506,13,0,0
6396,1130,1,0,0
30544,32,12,0,1
46490,1098,11,0,1
46993,1195,12,0,1
2691,1873,9,0,0
44995,1093,3,0,0
48616,813,3,1,1
26247,362,2,0,0
38989,1673,4,0,0
1300,1457,12,1,1
15821,929,2,0,0
19338,100,13,0,0
11187,1682,9,0,0
30916,9,12,0,1
23508,1598,10,0,1
39840,697,7,0,1
236,1053,8,0,0
17513,1917,3,0,0
48214,1138,6,1,1
19078,462,10,0,0
761,921,6,0,0
35340,1167,13,1,1
27353,390,1,0,0
26984,632,6,0,1
32954,682,13,1,1
10804,157,14,0,0
39087,335,3,0,0
24627,1885,11,1,1
16422,260,3,0,0
47617,82,3,0,0
7068,754,10,1,1
27618,1465,11,0,1
46464,1969,11,1,1
27986,1196,10,0,1
1800,1255,11,0,0
28346,720,8,0,1
35568,75,13,0,1
23299,1294,5,0,0
44689,1923,4,0,0
32215,626,13,0,1
5620,62,9,0,0
44378,874,9,0,1
36555,320,1,0,0
49848,102,2,1,1
21029,1453,8,0,1
41705,874,5,0,0
15055,1746,7,1,1
44149,954,1,0,0
14017,255,12,0,0
4857,1556,10,0,0
13145,570,12,1,1
41780,112,5,0,0
4833,985,11,0,0
31054,1337,12,1,1
31235,998,3,1,1
7181,461,10,0,0
41558,708,12,0,1
23601,887,12,1,1
21213,1486,14,0,1
34541,1889,2,0,0
47186,1116,2,0,0
24790,1076,9,0,1
44039,1829,13,1,1
29445,520,4,0,0
46413,812,4,1,1
44671,1122,7,0,1
26929,236,10,0,1
35162,1925,10,0,1
3730,1398,13,0,0
47961,1605,2,1,1
31970,927,3,0,0
49398,557,3,0,0
47321,649,6,0,1
45042,234,3,1,1
3553,1056,11,1,1
37375,1313,5,0,0
43470,1662,4,0,0
38496,579,3,0,0
8428,542,8,0,0
15634,114,14,0,0
19844,204,10,0,0
19489,1053,3,0,0
36420,643,6,0,1
49270,474,13,0,1
35110,697,7,0,1
14765,253,7,0,0
37965,1822,2,0,0
8740,905,14,0,0
34816,1946,3,0,0
25621,386,12,0,1
30149,62,10,1,1
5718,515,10,0,0
37104,430,4,1,1
2020,580,7,0,0
44037,1561,2,0,0
4288,1715,3,0,0
12307,1165,7,0,0
338,743,7,0,0
33072,1324,10,0,1
10899,675,3,0,0
5652,311,12,1,1
29016,471,1,0,0
5027,1417,12,0,0
28064,1666,3,0,0
11264,1469,5,0,0
37258,1782,7,0,1
19171,809,4,0,0
48509,172,13,0,1
6260,576,13,0,0
15910,31,11,0,0
5226,47,11,0,0
30109,130,1,1,1
33684,352,6,1,1
46282,978,2,1,1
25496,1869,12,0,1
292,1646,3,0,0
36513,1605,4,0,0
12916,58,6,0,0
39182,1130,6,0,1
32230,812,7,1,1
40242,1354,5,0,0
36568,768,7,0,1
30798,1848,2,0,0
10755,683,1,0,0
47997,1407,12,0,1
30175,1186,10,0,1
9459,997,8,0,0
36761,286,1,0,0
39679,1095,12,0,1
42156,1791,2,0,0
33372,1478,11,1,1
42681,886,12,0,1
14771,1591,10,0,0
27148,1859,6,1,1
10838,397,1,0,0
26063,1539,10,0,1
44054,26,3,0,1
