amount,account_age_days,velocity_1h,location_mismatch,risk_score,is_fraud,policy_A,policy_B,policy_C
49182,1162,14,0,0.9995892796341428,1,BLOCK,BLOCK,BLOCK
13928,1385,4,1,0.579520830258216,0,APPROVE,REVIEW,REVIEW
47176,566,11,0,0.9961813562425084,1,BLOCK,BLOCK,BLOCK
39101,405,12,0,0.9906158809115228,1,BLOCK,BLOCK,BLOCK
14783,109,12,0,0.4883334164667326,0,APPROVE,APPROVE,REVIEW
33259,583,2,0,0.048040625163361,0,APPROVE,APPROVE,APPROVE
48916,845,3,0,0.6634328332367021,0,APPROVE,REVIEW,BLOCK
3183,756,2,0,0.0001366200185866,0,APPROVE,APPROVE,APPROVE
29471,1984,10,0,0.7709062717089128,1,BLOCK,BLOCK,BLOCK
18255,588,4,0,0.0096868627711234,0,APPROVE,APPROVE,APPROVE
307,287,7,0,0.0021403941077771,0,APPROVE,APPROVE,APPROVE
40645,455,11,0,0.986685635990757,1,BLOCK,BLOCK,BLOCK
23161,271,11,0,0.7144596511249964,1,BLOCK,REVIEW,BLOCK
21268,273,4,0,0.0182614454609705,0,APPROVE,APPROVE,APPROVE
9167,452,11,0,0.1358090857281686,0,APPROVE,APPROVE,APPROVE
46837,544,8,0,0.9723358361431635,1,BLOCK,BLOCK,BLOCK
5387,590,3,0,0.0004129994928349,0,APPROVE,APPROVE,APPROVE
19430,1636,2,0,0.0028155223377773,0,APPROVE,APPROVE,APPROVE
9117,1879,3,1,0.2056696077780881,0,APPROVE,APPROVE,APPROVE
28353,1533,6,1,0.9880096301848156,1,BLOCK,BLOCK,BLOCK
23724,852,9,1,0.996179844209436,1,BLOCK,BLOCK,BLOCK
17173,45,10,0,0.2967178972369096,0,APPROVE,APPROVE,APPROVE
18620,13,11,0,0.5181818508064571,1,APPROVE,REVIEW,REVIEW
23025,1261,12,0,0.7973693322335736,1,BLOCK,BLOCK,BLOCK
44817,498,11,0,0.9940250522400864,1,BLOCK,BLOCK,BLOCK
13345,192,8,0,0.0506326322420542,0,APPROVE,APPROVE,APPROVE
8647,1397,14,0,0.4574467501140113,0,APPROVE,APPROVE,REVIEW
8854,1945,4,0,0.0012342185199619,0,APPROVE,APPROVE,APPROVE
9380,662,9,0,0.0415228684731993,0,APPROVE,APPROVE,APPROVE
9762,783,8,0,0.0233801323872679,0,APPROVE,APPROVE,APPROVE
25391,644,8,0,0.3425683853328109,1,APPROVE,APPROVE,APPROVE
40964,1208,3,0,0.2812614378554147,0,APPROVE,APPROVE,APPROVE
35629,495,10,0,0.9352560362992592,1,BLOCK,BLOCK,BLOCK
46993,1195,12,0,0.9976915306910512,1,BLOCK,BLOCK,BLOCK
36866,611,6,0,0.5752838483252932,1,APPROVE,REVIEW,REVIEW
5535,990,2,0,0.0002079827748826,0,APPROVE,APPROVE,APPROVE
22885,436,1,0,0.0035479870305496,0,APPROVE,APPROVE,APPROVE
20227,1468,6,0,0.0432636387070369,1,APPROVE,APPROVE,APPROVE
28064,1666,3,0,0.0282250838681343,0,APPROVE,APPROVE,APPROVE
33497,1109,11,0,0.9424895540198776,1,BLOCK,BLOCK,BLOCK
9442,915,7,0,0.0113796323117255,0,APPROVE,APPROVE,APPROVE
41092,109,10,0,0.9782109493788578,1,BLOCK,BLOCK,BLOCK
289,185,2,0,8.54629537904529e-05,0,APPROVE,APPROVE,APPROVE
43673,1503,7,0,0.8938596314507601,1,BLOCK,BLOCK,BLOCK
37231,1395,8,0,0.822949256937328,1,BLOCK,BLOCK,BLOCK
35423,45,1,0,0.0423187322870183,0,APPROVE,APPROVE,APPROVE
1307,1938,11,0,0.0255842472854296,0,APPROVE,APPROVE,APPROVE
40605,511,4,0,0.439568936650422,0,APPROVE,APPROVE,REVIEW
21353,1141,11,0,0.6025188269911079,1,APPROVE,REVIEW,BLOCK
10734,179,3,0,0.0012590214691857,0,APPROVE,APPROVE,APPROVE
39300,886,7,0,0.7990149864058261,1,BLOCK,BLOCK,BLOCK
15266,159,7,0,0.0392717015102587,0,APPROVE,APPROVE,APPROVE
9786,1570,11,0,0.1279621797223331,0,APPROVE,APPROVE,APPROVE
49766,216,1,0,0.4150708439868839,0,APPROVE,APPROVE,REVIEW
31210,1351,5,0,0.1714218802235068,0,APPROVE,APPROVE,APPROVE
16476,1744,9,1,0.9819210408329764,1,BLOCK,BLOCK,BLOCK
8107,1029,4,0,0.0012456852621033,0,APPROVE,APPROVE,APPROVE
43041,239,11,0,0.9919240806244862,1,BLOCK,BLOCK,BLOCK
24678,699,8,0,0.3098868223811763,1,APPROVE,APPROVE,APPROVE
11971,1611,8,0,0.0310503528271974,0,APPROVE,APPROVE,APPROVE
245,1837,6,0,0.0008521129940419,0,APPROVE,APPROVE,APPROVE
31008,1313,2,1,0.9152099872982784,1,BLOCK,BLOCK,BLOCK
28101,1076,14,0,0.9756052219576103,1,BLOCK,BLOCK,BLOCK
13035,1563,2,0,0.0008177304525075,0,APPROVE,APPROVE,APPROVE
27580,1760,14,0,0.9698448154895524,1,BLOCK,BLOCK,BLOCK
39008,1463,4,0,0.3281149496244888,0,APPROVE,APPROVE,APPROVE
8887,130,8,0,0.022040366469018,0,APPROVE,APPROVE,APPROVE
4133,1465,14,0,0.2563512012768233,0,APPROVE,APPROVE,APPROVE
49214,1764,10,0,0.9940129025566354,1,BLOCK,BLOCK,BLOCK
2526,1974,2,0,9.772558532820716e-05,0,APPROVE,APPROVE,APPROVE
37035,1188,5,0,0.3992318339481303,0,APPROVE,APPROVE,APPROVE
23347,1433,1,0,0.0032802201110848,0,APPROVE,APPROVE,APPROVE
40872,1949,5,0,0.5529789582853972,0,APPROVE,REVIEW,REVIEW
5639,339,10,0,0.04036094987962,0,APPROVE,APPROVE,APPROVE
48547,1261,1,0,0.3189294085926007,0,APPROVE,APPROVE,APPROVE
25719,975,1,0,0.0056246474578949,0,APPROVE,APPROVE,APPROVE
33691,1498,4,0,0.1464682443841876,0,APPROVE,APPROVE,APPROVE
14315,442,10,0,0.1840288865478837,0,APPROVE,APPROVE,APPROVE
8425,549,1,0,0.0002064768527018,0,APPROVE,APPROVE,APPROVE
1407,1129,6,0,0.0012055778390185,0,APPROVE,APPROVE,APPROVE
10549,610,6,1,0.7476233311658621,1,BLOCK,REVIEW,BLOCK
22547,1361,2,0,0.005413054145365,0,APPROVE,APPROVE,APPROVE
33083,893,11,0,0.9400387140579854,1,BLOCK,BLOCK,BLOCK
34901,1700,9,1,0.9995027105348558,1,BLOCK,BLOCK,BLOCK
9657,1040,6,0,0.006114642490314,0,APPROVE,APPROVE,APPROVE
31989,1045,7,0,0.4808281194162137,1,APPROVE,APPROVE,REVIEW
38910,1391,6,0,0.638975626067028,1,APPROVE,REVIEW,BLOCK
17437,6,10,0,0.3090151304571802,1,APPROVE,APPROVE,APPROVE
35685,1380,3,1,0.9807282176840982,1,BLOCK,BLOCK,BLOCK
12406,1075,5,0,0.0054508713941381,0,APPROVE,APPROVE,APPROVE
21707,1062,7,0,0.1100145527225637,1,APPROVE,APPROVE,APPROVE
1250,925,13,0,0.1011421162779774,0,APPROVE,APPROVE,APPROVE
43789,371,7,1,0.9997452543016302,1,BLOCK,BLOCK,BLOCK
33819,1610,4,1,0.9848275584288608,1,BLOCK,BLOCK,BLOCK
9535,1943,10,0,0.0642388287602321,0,APPROVE,APPROVE,APPROVE
1234,1099,7,0,0.0022355323343266,0,APPROVE,APPROVE,APPROVE
29511,1721,8,0,0.4928169742622516,1,APPROVE,APPROVE,REVIEW
42170,307,12,0,0.9949140454422322,1,BLOCK,BLOCK,BLOCK
26741,93,10,1,0.9990227024936827,1,BLOCK,BLOCK,BLOCK
40497,1506,13,0,0.9954718557125932,1,BLOCK,BLOCK,BLOCK
714,795,4,1,0.1030710015897291,0,APPROVE,APPROVE,APPROVE
47419,1424,3,0,0.5714182445496817,0,APPROVE,REVIEW,REVIEW
17758,123,14,0,0.8614528422136063,0,BLOCK,BLOCK,BLOCK
28090,1213,2,0,0.016233750078814,0,APPROVE,APPROVE,APPROVE
32317,1088,6,1,0.994843638987154,1,BLOCK,BLOCK,BLOCK
41206,480,14,0,0.9982613206026348,1,BLOCK,BLOCK,BLOCK
43321,1712,7,0,0.8835507622996095,1,BLOCK,BLOCK,BLOCK
10782,1779,13,1,0.995782874905158,1,BLOCK,BLOCK,BLOCK
12212,1212,10,0,0.1159664229206908,0,APPROVE,APPROVE,APPROVE
31580,1013,10,1,0.9995563937185008,1,BLOCK,BLOCK,BLOCK
34172,228,12,0,0.976461547793646,1,BLOCK,BLOCK,BLOCK
335,1016,1,0,3.92080903836895e-05,0,APPROVE,APPROVE,APPROVE
19129,1132,8,1,0.9814787791165612,1,BLOCK,BLOCK,BLOCK
7214,1591,8,0,0.0125228487102121,0,APPROVE,APPROVE,APPROVE
49357,214,2,1,0.9978798061273064,1,BLOCK,BLOCK,BLOCK
7546,741,4,0,0.0011722020273864,0,APPROVE,APPROVE,APPROVE
36436,1467,9,0,0.882472762022785,1,BLOCK,BLOCK,BLOCK
32519,134,9,0,0.8139744725883293,1,BLOCK,BLOCK,BLOCK
15808,688,10,0,0.2246093827497261,0,APPROVE,APPROVE,APPROVE
42768,1883,8,0,0.9266703555309502,1,BLOCK,BLOCK,BLOCK
8805,892,6,1,0.667533576283606,1,APPROVE,REVIEW,BLOCK
45475,1233,12,0,0.9968760228150664,1,BLOCK,BLOCK,BLOCK
7452,39,13,0,0.3054832677233394,0,APPROVE,APPROVE,APPROVE
44517,204,10,0,0.988548044756959,1,BLOCK,BLOCK,BLOCK
31448,1687,14,1,0.9999616683638116,1,BLOCK,BLOCK,BLOCK
47499,315,5,0,0.8564336974720563,0,BLOCK,BLOCK,BLOCK
5804,1696,1,0,0.0001018123233901,0,APPROVE,APPROVE,APPROVE
31652,1052,4,0,0.1104922175184789,0,APPROVE,APPROVE,APPROVE
44738,1189,14,0,0.9990165276575744,1,BLOCK,BLOCK,BLOCK
29218,1814,3,0,0.0342799886827007,0,APPROVE,APPROVE,APPROVE
3742,1553,10,0,0.0230759508950081,0,APPROVE,APPROVE,APPROVE
13240,1127,9,1,0.9697195023861812,1,BLOCK,BLOCK,BLOCK
33075,291,3,0,0.0890218003423427,0,APPROVE,APPROVE,APPROVE
37709,17,7,0,0.7714232420004279,1,BLOCK,BLOCK,BLOCK
44857,1697,11,1,0.999980560289121,1,BLOCK,BLOCK,BLOCK
49231,1553,2,0,0.4932147137747301,0,APPROVE,APPROVE,REVIEW
16689,1946,8,0,0.0707871518272007,0,APPROVE,APPROVE,APPROVE
16815,576,10,0,0.2644325341691906,0,APPROVE,APPROVE,APPROVE
23433,1925,6,0,0.0726493957509488,1,APPROVE,APPROVE,APPROVE
6876,1402,13,0,0.2377325847421574,0,APPROVE,APPROVE,APPROVE
885,1009,13,0,0.0936184339134702,0,APPROVE,APPROVE,APPROVE
14582,1194,5,1,0.755545827317233,0,BLOCK,BLOCK,BLOCK
39840,697,7,0,0.8202172141908898,1,BLOCK,BLOCK,BLOCK
15817,1999,5,0,0.0090482261421837,0,APPROVE,APPROVE,APPROVE
2710,1575,10,1,0.8785030674391867,1,BLOCK,BLOCK,BLOCK
15136,1457,3,0,0.0023950294643562,0,APPROVE,APPROVE,APPROVE
46950,1911,2,1,0.995483694805056,1,BLOCK,BLOCK,BLOCK
30473,1566,6,0,0.2480771796542663,1,APPROVE,APPROVE,APPROVE
38119,1206,4,0,0.3000609595971602,0,APPROVE,APPROVE,APPROVE
28279,979,13,0,0.956588742570506,1,BLOCK,BLOCK,BLOCK
22280,285,2,0,0.0061616015749923,0,APPROVE,APPROVE,APPROVE
3051,1426,4,0,0.0004335696928299,0,APPROVE,APPROVE,APPROVE
34610,637,5,0,0.312275564968309,0,APPROVE,APPROVE,APPROVE
32215,626,13,0,0.9805895134619796,1,BLOCK,BLOCK,BLOCK
2080,1945,6,0,0.0011974512943725,0,APPROVE,APPROVE,APPROVE
22062,1961,1,0,0.0023349302723344,0,APPROVE,APPROVE,APPROVE
1928,1859,13,1,0.976318981196106,1,BLOCK,BLOCK,BLOCK
16932,1156,4,0,0.0068112609552745,0,APPROVE,APPROVE,APPROVE
17538,1844,4,0,0.0068236779684123,0,APPROVE,APPROVE,APPROVE
45251,1630,9,0,0.9761649806769598,1,BLOCK,BLOCK,BLOCK
46017,1934,8,0,0.9594347314121744,1,BLOCK,BLOCK,BLOCK
15039,114,11,0,0.3441728240711812,0,APPROVE,APPROVE,APPROVE
41448,1750,1,0,0.09708186548585,0,APPROVE,APPROVE,APPROVE
37538,419,11,1,0.9999345041895176,1,BLOCK,BLOCK,BLOCK
33927,1360,6,1,0.9960540430491264,1,BLOCK,BLOCK,BLOCK
48538,1188,3,0,0.6333288551253438,0,APPROVE,REVIEW,BLOCK
37076,1514,10,1,0.99983511220213,1,BLOCK,BLOCK,BLOCK
30686,1577,4,0,0.0859829792393432,0,APPROVE,APPROVE,APPROVE
13593,1297,3,0,0.0018208864713375,0,APPROVE,APPROVE,APPROVE
8695,582,5,0,0.0028753359822765,0,APPROVE,APPROVE,APPROVE
23952,1676,7,0,0.1473363318157896,1,APPROVE,APPROVE,APPROVE
12039,1992,1,0,0.0003277205844649,0,APPROVE,APPROVE,APPROVE
23353,575,14,1,0.9998454062521772,1,BLOCK,BLOCK,BLOCK
41900,1364,6,0,0.7613859994937495,1,BLOCK,BLOCK,BLOCK
1181,1122,10,0,0.0151661736768787,0,APPROVE,APPROVE,APPROVE
27616,1257,12,1,0.9997248871669512,1,BLOCK,BLOCK,BLOCK
34541,429,1,0,0.0336693435168605,0,APPROVE,APPROVE,APPROVE
17187,1153,9,0,0.1550588704584314,0,APPROVE,APPROVE,APPROVE
31716,114,7,0,0.5069456941508061,1,APPROVE,REVIEW,REVIEW
22634,641,6,0,0.0769034993108991,1,APPROVE,APPROVE,APPROVE
38809,614,13,0,0.9945898294149872,1,BLOCK,BLOCK,BLOCK
9696,919,2,0,0.0004748747367126,0,APPROVE,APPROVE,APPROVE
18433,1873,8,0,0.0978643693801867,0,APPROVE,APPROVE,APPROVE
2127,485,6,0,0.0015475344920027,0,APPROVE,APPROVE,APPROVE
17130,1156,1,1,0.2776805621535976,0,APPROVE,APPROVE,APPROVE
12597,435,1,0,0.0004759087180791,0,APPROVE,APPROVE,APPROVE
11926,710,9,0,0.0660328892486407,0,APPROVE,APPROVE,APPROVE
26139,1541,5,0,0.0691635281937106,0,APPROVE,APPROVE,APPROVE
49215,31,4,0,0.8209017406700505,0,BLOCK,BLOCK,BLOCK
38927,305,8,0,0.8862542508441976,1,BLOCK,BLOCK,BLOCK
36009,383,8,1,0.9993882769815412,1,BLOCK,BLOCK,BLOCK
20978,1998,8,0,0.1487264835234221,1,APPROVE,APPROVE,APPROVE
46201,604,13,1,0.9999965975669572,1,BLOCK,BLOCK,BLOCK
36422,1450,1,1,0.9408844329750208,1,BLOCK,BLOCK,BLOCK
45600,255,2,0,0.3735177237499524,0,APPROVE,APPROVE,APPROVE
19119,570,7,0,0.0749300284065555,0,APPROVE,APPROVE,APPROVE
26757,273,3,0,0.0276987632795548,0,APPROVE,APPROVE,APPROVE
29434,597,3,0,0.0435360030948526,0,APPROVE,APPROVE,APPROVE
27010,1174,9,0,0.555319501313407,1,APPROVE,REVIEW,REVIEW
44625,1094,9,0,0.9754203580110664,1,BLOCK,BLOCK,BLOCK
8649,1973,7,0,0.0081704565183916,0,APPROVE,APPROVE,APPROVE
47705,1025,6,0,0.9131842043116783,1,BLOCK,BLOCK,BLOCK
4083,1991,1,0,6.916753069606371e-05,0,APPROVE,APPROVE,APPROVE
19249,1292,11,0,0.4947137419670643,0,APPROVE,APPROVE,REVIEW
255,199,11,0,0.0279044360868545,0,APPROVE,APPROVE,APPROVE
24189,1392,2,0,0.0074089895693823,0,APPROVE,APPROVE,APPROVE
34168,1327,2,0,0.0504561133678352,0,APPROVE,APPROVE,APPROVE
6417,522,1,0,0.0001400645702374,0,APPROVE,APPROVE,APPROVE
37596,1644,5,0,0.4070231132977217,0,APPROVE,APPROVE,REVIEW
22069,1978,8,0,0.1783082690883528,1,APPROVE,APPROVE,APPROVE
49150,13,13,0,0.9993504018647006,1,BLOCK,BLOCK,BLOCK
35340,56,10,1,0.9998191813261964,1,BLOCK,BLOCK,BLOCK
28897,936,7,1,0.9948650691716392,1,BLOCK,BLOCK,BLOCK
41423,154,8,0,0.9286956587410352,1,BLOCK,BLOCK,BLOCK
44717,1945,7,0,0.9055103792760604,1,BLOCK,BLOCK,BLOCK
45205,109,10,0,0.9901340458771326,1,BLOCK,BLOCK,BLOCK
5203,1123,11,0,0.0606743859851239,0,APPROVE,APPROVE,APPROVE
1367,732,14,0,0.1851736118050459,0,APPROVE,APPROVE,APPROVE
38215,1534,10,0,0.9525712361895337,1,BLOCK,BLOCK,BLOCK
13146,891,12,0,0.37766368624835,0,APPROVE,APPROVE,APPROVE
36432,1709,3,0,0.1290293928327209,0,APPROVE,APPROVE,APPROVE
17740,1757,9,0,0.1558090913726444,0,APPROVE,APPROVE,APPROVE
21174,776,8,1,0.9882314985678522,1,BLOCK,BLOCK,BLOCK
5533,1561,14,0,0.3084263458055895,0,APPROVE,APPROVE,APPROVE
24657,569,10,0,0.625250065450992,1,APPROVE,REVIEW,BLOCK
13271,1856,8,0,0.0381292540663134,0,APPROVE,APPROVE,APPROVE
24917,1577,13,0,0.9116282580764876,1,BLOCK,BLOCK,BLOCK
26824,3,3,0,0.0293298757980864,1,APPROVE,APPROVE,APPROVE
42505,537,6,0,0.8051636721130916,1,BLOCK,BLOCK,BLOCK
18843,1376,10,0,0.3181906719173946,0,APPROVE,APPROVE,APPROVE
48236,1854,11,0,0.9961387611704752,1,BLOCK,BLOCK,BLOCK
46199,848,2,0,0.3774049366979344,0,APPROVE,APPROVE,APPROVE
8170,1315,7,0,0.0083169372332711,0,APPROVE,APPROVE,APPROVE
274,581,5,0,0.0005552477322629,0,APPROVE,APPROVE,APPROVE
23609,77,11,0,0.7383998036555097,1,BLOCK,REVIEW,BLOCK
39964,1142,4,0,0.3833620540042948,0,APPROVE,APPROVE,APPROVE
9852,858,7,0,0.0124362103099115,0,APPROVE,APPROVE,APPROVE
15585,500,14,0,0.7922375712289174,0,BLOCK,BLOCK,BLOCK
20769,753,4,0,0.0153142298505547,0,APPROVE,APPROVE,APPROVE
6396,1130,1,0,0.0001258246976414,0,APPROVE,APPROVE,APPROVE
8252,1388,9,0,0.0298040597199696,0,APPROVE,APPROVE,APPROVE
40519,1215,6,0,0.7141170864434834,1,BLOCK,REVIEW,BLOCK
24187,723,7,0,0.1753680817749015,1,APPROVE,APPROVE,APPROVE
28272,1733,6,0,0.1725450649291912,1,APPROVE,APPROVE,APPROVE
37741,1745,8,0,0.8287569630565503,1,BLOCK,BLOCK,BLOCK
16522,1066,12,0,0.5327356898962873,0,APPROVE,REVIEW,REVIEW
10325,1452,4,0,0.0017881862389682,0,APPROVE,APPROVE,APPROVE
26757,1335,1,0,0.0064769999141758,0,APPROVE,APPROVE,APPROVE
1535,212,5,1,0.2215244671029157,0,APPROVE,APPROVE,APPROVE
37805,511,5,0,0.4642500577005749,0,APPROVE,APPROVE,REVIEW
17300,495,8,0,0.0989398625763758,0,APPROVE,APPROVE,APPROVE
30531,1345,13,1,0.9999173284873616,1,BLOCK,BLOCK,BLOCK
27476,848,9,0,0.5911257289113075,1,APPROVE,REVIEW,REVIEW
34108,580,14,0,0.992950196054404,1,BLOCK,BLOCK,BLOCK
28541,705,7,0,0.3332707308419529,1,APPROVE,APPROVE,APPROVE
20063,900,1,0,0.0018915729088753,0,APPROVE,APPROVE,APPROVE
42192,39,2,0,0.2410252686385349,0,APPROVE,APPROVE,APPROVE
9046,1114,9,0,0.036225700089408,0,APPROVE,APPROVE,APPROVE
31389,1771,11,1,0.9997258362983616,1,BLOCK,BLOCK,BLOCK
8435,1575,6,1,0.6245353800038164,1,APPROVE,REVIEW,BLOCK
3910,1307,14,0,0.2531584190729979,0,APPROVE,APPROVE,APPROVE
45843,232,12,0,0.9975452444795728,1,BLOCK,BLOCK,BLOCK
17187,179,2,0,0.0023257979566383,0,APPROVE,APPROVE,APPROVE
31945,1227,8,0,0.6297397644002667,1,APPROVE,REVIEW,BLOCK
9230,490,8,0,0.0221706408812594,0,APPROVE,APPROVE,APPROVE
3838,72,4,0,0.0006361415821147,0,APPROVE,APPROVE,APPROVE
48331,1545,7,0,0.9541168522000676,1,BLOCK,BLOCK,BLOCK
6530,384,9,0,0.0253484570590537,0,APPROVE,APPROVE,APPROVE
23805,1732,13,0,0.8899178985039875,1,BLOCK,BLOCK,BLOCK
6474,395,2,0,0.0002764293285284,0,APPROVE,APPROVE,APPROVE
26356,766,5,0,0.0812320858622198,0,APPROVE,APPROVE,APPROVE
5071,779,6,0,0.0026156810472784,0,APPROVE,APPROVE,APPROVE
31235,998,3,1,0.9578759318160632,1,BLOCK,BLOCK,BLOCK
41190,139,4,0,0.4836553365257962,0,APPROVE,APPROVE,REVIEW
41946,1547,3,0,0.3092458743105533,0,APPROVE,APPROVE,APPROVE
30190,588,8,0,0.5735209345321746,1,APPROVE,REVIEW,REVIEW
28245,1877,12,0,0.907744273344708,1,BLOCK,BLOCK,BLOCK
45554,1526,7,0,0.9237748488724388,1,BLOCK,BLOCK,BLOCK
18793,900,1,0,0.0014761457639963,0,APPROVE,APPROVE,APPROVE
40909,1188,9,1,0.9998591595375956,1,BLOCK,BLOCK,BLOCK
19588,1295,13,0,0.7923661712767666,0,BLOCK,BLOCK,BLOCK
16623,248,7,0,0.0498843510970166,0,APPROVE,APPROVE,APPROVE
48629,608,13,0,0.9992044588401504,1,BLOCK,BLOCK,BLOCK
36344,1226,8,0,0.800853869420415,1,BLOCK,BLOCK,BLOCK
37673,622,7,0,0.7515156281234386,1,BLOCK,BLOCK,BLOCK
15473,1546,3,0,0.0025195672207018,0,APPROVE,APPROVE,APPROVE
27406,663,11,1,0.9995049854592556,1,BLOCK,BLOCK,BLOCK
18199,408,1,0,0.0014286818485525,0,APPROVE,APPROVE,APPROVE
9227,422,6,0,0.0062418373963077,0,APPROVE,APPROVE,APPROVE
20591,735,6,0,0.0521189002631251,1,APPROVE,APPROVE,APPROVE
1779,1662,11,0,0.0292913355016878,0,APPROVE,APPROVE,APPROVE
18494,122,3,0,0.005773025123616,0,APPROVE,APPROVE,APPROVE
35005,1513,7,0,0.6067752503920997,1,APPROVE,REVIEW,BLOCK
36587,1870,12,0,0.9805284770102796,1,BLOCK,BLOCK,BLOCK
36827,567,9,0,0.9042336817105582,1,BLOCK,BLOCK,BLOCK
7156,1568,4,0,0.0009441881725845,0,APPROVE,APPROVE,APPROVE
32010,1114,9,0,0.7703482739461668,1,BLOCK,BLOCK,BLOCK
27308,468,14,0,0.9743371386367072,1,BLOCK,BLOCK,BLOCK
8811,1755,4,1,0.3224039985921196,0,APPROVE,APPROVE,APPROVE
46297,1308,7,0,0.9356599192826648,1,BLOCK,BLOCK,BLOCK
27366,1293,2,0,0.0139329680024783,0,APPROVE,APPROVE,APPROVE
9304,1547,14,0,0.4831142353585102,0,APPROVE,APPROVE,REVIEW
26270,1807,1,0,0.0054411812790997,0,APPROVE,APPROVE,APPROVE
41296,1935,10,0,0.9716540269815308,1,BLOCK,BLOCK,BLOCK
24028,973,1,0,0.0040485163880529,0,APPROVE,APPROVE,APPROVE
36532,615,11,0,0.969937066989726,1,BLOCK,BLOCK,BLOCK
48094,1985,12,0,0.997871500009612,1,BLOCK,BLOCK,BLOCK
3854,265,5,0,0.0011791777219013,0,APPROVE,APPROVE,APPROVE
42742,1259,13,0,0.9971959465372624,1,BLOCK,BLOCK,BLOCK
23119,1445,3,0,0.0113335710122511,0,APPROVE,APPROVE,APPROVE
30675,917,6,0,0.2770161123756309,1,APPROVE,APPROVE,APPROVE
47875,1821,8,1,0.9999232984556944,1,BLOCK,BLOCK,BLOCK
46981,310,6,1,0.9997420113745692,1,BLOCK,BLOCK,BLOCK
47186,1116,2,0,0.412657098087337,0,APPROVE,APPROVE,REVIEW
40700,1410,10,1,0.999920248254578,1,BLOCK,BLOCK,BLOCK
12299,1914,14,0,0.6120545201007995,0,APPROVE,REVIEW,BLOCK
37667,877,1,0,0.0561728338070491,0,APPROVE,APPROVE,APPROVE
23277,1506,6,0,0.0754293951322199,1,APPROVE,APPROVE,APPROVE
18525,181,1,1,0.3733688457911115,0,APPROVE,APPROVE,APPROVE
13246,1840,8,0,0.0380495334062396,0,APPROVE,APPROVE,APPROVE
13361,514,7,0,0.0258316570310071,0,APPROVE,APPROVE,APPROVE
36569,868,11,1,0.9999145749356328,1,BLOCK,BLOCK,BLOCK
6376,224,9,0,0.0252748709243167,0,APPROVE,APPROVE,APPROVE
40885,1082,4,0,0.4292298847451024,0,APPROVE,APPROVE,REVIEW
25647,986,5,0,0.0690287680995755,0,APPROVE,APPROVE,APPROVE
49377,726,13,0,0.9992987710015808,1,BLOCK,BLOCK,BLOCK
10893,344,9,0,0.0579078889489888,0,APPROVE,APPROVE,APPROVE
43325,568,6,0,0.8283539361799233,1,BLOCK,BLOCK,BLOCK
46781,1532,2,0,0.3768924367762783,0,APPROVE,APPROVE,APPROVE
25472,600,6,0,0.12750914538186,1,APPROVE,APPROVE,APPROVE
8344,1429,4,0,0.0012192339477584,0,APPROVE,APPROVE,APPROVE
4595,1053,3,0,0.0003270466221013,0,APPROVE,APPROVE,APPROVE
38111,1186,14,0,0.9964164723548816,1,BLOCK,BLOCK,BLOCK
48638,1511,3,0,0.6251111166757259,0,APPROVE,REVIEW,BLOCK
29475,564,10,0,0.810775867444568,1,BLOCK,BLOCK,BLOCK
6338,802,6,0,0.0033357746010542,0,APPROVE,APPROVE,APPROVE
29289,342,9,1,0.998817043967723,1,BLOCK,BLOCK,BLOCK
3473,1514,3,0,0.0002428767595826,0,APPROVE,APPROVE,APPROVE
2590,561,3,0,0.0002402048903916,0,APPROVE,APPROVE,APPROVE
914,1482,2,0,7.75056156198321e-05,0,APPROVE,APPROVE,APPROVE
719,1162,7,0,0.0020003149624038,0,APPROVE,APPROVE,APPROVE
25451,575,3,0,0.0205338993620286,0,APPROVE,APPROVE,APPROVE
2582,495,5,0,0.0008845477456286,0,APPROVE,APPROVE,APPROVE
7948,111,6,0,0.0051294090834387,0,APPROVE,APPROVE,APPROVE
5012,556,5,0,0.0014073639040281,0,APPROVE,APPROVE,APPROVE
47598,254,3,1,0.998422933321306,1,BLOCK,BLOCK,BLOCK
26349,176,9,0,0.5651708171677977,1,APPROVE,REVIEW,REVIEW
43719,1728,14,0,0.9986851540137346,1,BLOCK,BLOCK,BLOCK
21039,383,3,0,0.0090555736398394,0,APPROVE,APPROVE,APPROVE
48420,306,10,0,0.9945362282466368,1,BLOCK,BLOCK,BLOCK
7996,1174,8,0,0.0156128248079197,0,APPROVE,APPROVE,APPROVE
33304,1785,9,1,0.9993106544491068,1,BLOCK,BLOCK,BLOCK
28834,1554,4,0,0.0616865281724967,0,APPROVE,APPROVE,APPROVE
4599,515,6,0,0.0024945465324181,0,APPROVE,APPROVE,APPROVE
3378,479,3,0,0.0002841423780897,0,APPROVE,APPROVE,APPROVE
18327,365,5,0,0.0193021762601716,0,APPROVE,APPROVE,APPROVE
745,787,1,0,4.416387328393877e-05,0,APPROVE,APPROVE,APPROVE
44180,1367,7,0,0.9049101459341896,1,BLOCK,BLOCK,BLOCK
10247,583,9,0,0.0494474939247651,0,APPROVE,APPROVE,APPROVE
33420,913,1,0,0.0251296397201375,0,APPROVE,APPROVE,APPROVE
33721,439,10,0,0.9094308685772002,1,BLOCK,BLOCK,BLOCK
12285,1893,10,0,0.1059855693948388,0,APPROVE,APPROVE,APPROVE
238,1718,13,0,0.0746731525053169,0,APPROVE,APPROVE,APPROVE
36421,1816,13,0,0.9894719721098992,1,BLOCK,BLOCK,BLOCK
28395,1726,13,0,0.9520585552693932,1,BLOCK,BLOCK,BLOCK
30608,129,12,1,0.9998734257248292,1,BLOCK,BLOCK,BLOCK
19042,518,5,0,0.0215803699571048,0,APPROVE,APPROVE,APPROVE
4877,1069,13,0,0.1824788814397423,0,APPROVE,APPROVE,APPROVE
19970,388,10,0,0.4075492868397723,0,APPROVE,APPROVE,REVIEW
3373,1171,13,0,0.1405053606919072,0,APPROVE,APPROVE,APPROVE
46209,881,4,0,0.6879130774879092,0,APPROVE,REVIEW,BLOCK
45739,57,3,0,0.5475837880354696,0,APPROVE,REVIEW,REVIEW
15123,531,4,0,0.0053242294410091,0,APPROVE,APPROVE,APPROVE
12903,1736,13,0,0.4892463781432401,0,APPROVE,APPROVE,REVIEW
29265,323,10,0,0.8107456109253245,1,BLOCK,BLOCK,BLOCK
29436,433,12,1,0.999832401383666,1,BLOCK,BLOCK,BLOCK
24317,154,4,0,0.0333100919749612,0,APPROVE,APPROVE,APPROVE
19460,1699,5,0,0.0192141642313419,0,APPROVE,APPROVE,APPROVE
14143,606,7,0,0.0295223344746363,0,APPROVE,APPROVE,APPROVE
44414,1701,12,0,0.9958423130195884,1,BLOCK,BLOCK,BLOCK
30486,434,13,0,0.97383303224831,1,BLOCK,BLOCK,BLOCK
23916,1391,13,0,0.8974722165185627,1,BLOCK,BLOCK,BLOCK
37274,67,13,0,0.9933509155625956,1,BLOCK,BLOCK,BLOCK
25619,915,10,0,0.6550607347562545,1,APPROVE,REVIEW,BLOCK
10193,894,9,0,0.0465552725743318,0,APPROVE,APPROVE,APPROVE
19526,12,4,0,0.0136405863148597,0,APPROVE,APPROVE,APPROVE
32188,727,2,1,0.9375645976912113,1,BLOCK,BLOCK,BLOCK
21395,1646,2,0,0.0041225038901701,0,APPROVE,APPROVE,APPROVE
9624,1425,11,0,0.1271729437361499,0,APPROVE,APPROVE,APPROVE
19301,1426,2,0,0.0028448365383232,0,APPROVE,APPROVE,APPROVE
15329,554,5,0,0.0104934002809979,0,APPROVE,APPROVE,APPROVE
37723,412,11,0,0.9768266820096592,1,BLOCK,BLOCK,BLOCK
13024,956,4,0,0.0032926636722391,0,APPROVE,APPROVE,APPROVE
45858,1438,8,0,0.9614489926070318,1,BLOCK,BLOCK,BLOCK
42389,252,8,0,0.9392968261385972,1,BLOCK,BLOCK,BLOCK
12604,1908,11,0,0.1938363787748541,0,APPROVE,APPROVE,APPROVE
41998,917,7,0,0.8701826168702592,1,BLOCK,BLOCK,BLOCK
40142,206,5,0,0.5903864637946113,0,APPROVE,REVIEW,REVIEW
20720,1485,1,0,0.0019476637719806,0,APPROVE,APPROVE,APPROVE
48045,518,6,0,0.9245361099862708,1,BLOCK,BLOCK,BLOCK
34487,429,14,0,0.9936151201476504,1,BLOCK,BLOCK,BLOCK
44959,1541,5,0,0.7467326144224247,0,BLOCK,REVIEW,BLOCK
46418,1066,12,0,0.9974732174800128,1,BLOCK,BLOCK,BLOCK
23391,1014,9,0,0.3873440801863506,1,APPROVE,APPROVE,APPROVE
20484,698,11,0,0.5796033999418618,1,APPROVE,REVIEW,REVIEW
26888,1077,5,0,0.0851441517919879,0,APPROVE,APPROVE,APPROVE
39441,1913,2,0,0.1188926571353245,0,APPROVE,APPROVE,APPROVE
15206,499,5,0,0.0103415691148176,0,APPROVE,APPROVE,APPROVE
16638,1142,1,0,0.0009300240354604,0,APPROVE,APPROVE,APPROVE
12187,426,9,0,0.0724215930779506,0,APPROVE,APPROVE,APPROVE
40731,771,7,0,0.8428427284339958,1,BLOCK,BLOCK,BLOCK
14037,1901,11,0,0.2416206659059593,0,APPROVE,APPROVE,APPROVE
5793,548,9,0,0.0214295431980358,0,APPROVE,APPROVE,APPROVE
9603,1724,12,0,0.2085464511106565,0,APPROVE,APPROVE,APPROVE
2468,1835,1,0,5.178710033445519e-05,0,APPROVE,APPROVE,APPROVE
31533,1220,14,0,0.9870740262150464,1,BLOCK,BLOCK,BLOCK
38760,895,8,0,0.87217276140524,1,BLOCK,BLOCK,BLOCK
14771,1591,10,0,0.1686846091630644,0,APPROVE,APPROVE,APPROVE
26749,963,12,0,0.8955590920992884,1,BLOCK,BLOCK,BLOCK
20814,1414,13,0,0.8261881362537729,1,BLOCK,BLOCK,BLOCK
30258,270,7,1,0.9964797163921462,1,BLOCK,BLOCK,BLOCK
6026,1446,10,0,0.0362372164189675,0,APPROVE,APPROVE,APPROVE
36551,1823,3,0,0.1294727313838965,0,APPROVE,APPROVE,APPROVE
19356,376,7,1,0.970558415450321,1,BLOCK,BLOCK,BLOCK
28504,1171,3,0,0.0332816401935,0,APPROVE,APPROVE,APPROVE
33684,352,6,1,0.9965106589433884,1,BLOCK,BLOCK,BLOCK
44911,761,1,0,0.2002019807201296,0,APPROVE,APPROVE,APPROVE
8746,45,6,0,0.0060576759602177,0,APPROVE,APPROVE,APPROVE
27148,1859,6,1,0.984024891108488,1,BLOCK,BLOCK,BLOCK
26244,486,3,0,0.0242512208464918,0,APPROVE,APPROVE,APPROVE
37778,1296,7,0,0.7335938154297582,1,BLOCK,REVIEW,BLOCK
17064,650,13,0,0.7221180949135191,0,BLOCK,REVIEW,BLOCK
34475,600,4,0,0.1889372869642922,0,APPROVE,APPROVE,APPROVE
25960,513,3,0,0.0228684482514545,0,APPROVE,APPROVE,APPROVE
17878,405,11,0,0.4653434348364911,0,APPROVE,APPROVE,REVIEW
2663,1841,13,0,0.1126854386797419,0,APPROVE,APPROVE,APPROVE
35058,1855,13,0,0.9862101435619324,1,BLOCK,BLOCK,BLOCK
35648,1492,2,0,0.064561317972509,0,APPROVE,APPROVE,APPROVE
30180,156,2,1,0.9178334791538574,1,BLOCK,BLOCK,BLOCK
47739,762,12,0,0.9981453521493469,1,BLOCK,BLOCK,BLOCK
33310,639,1,1,0.9085637376148364,1,BLOCK,BLOCK,BLOCK
25951,317,12,0,0.8911282240319739,1,BLOCK,BLOCK,BLOCK
40005,871,3,0,0.2556656763056404,0,APPROVE,APPROVE,APPROVE
6283,1748,10,0,0.0362038296046839,0,APPROVE,APPROVE,APPROVE
47137,923,13,0,0.9988768073227112,1,BLOCK,BLOCK,BLOCK
14299,1380,13,0,0.5720922652903261,0,APPROVE,REVIEW,REVIEW
23271,1945,13,0,0.875374135544828,1,BLOCK,BLOCK,BLOCK
7946,1108,10,0,0.0547893403877186,0,APPROVE,APPROVE,APPROVE
33070,56,9,0,0.8316043661093953,1,BLOCK,BLOCK,BLOCK
8671,1854,1,0,0.0001736423631498,0,APPROVE,APPROVE,APPROVE
34506,1746,14,0,0.9920591411776551,1,BLOCK,BLOCK,BLOCK
5927,816,2,0,0.0002312760581044,0,APPROVE,APPROVE,APPROVE
3932,1324,8,0,0.0069349882602323,0,APPROVE,APPROVE,APPROVE
37699,970,6,1,0.9982299848068824,1,BLOCK,BLOCK,BLOCK
42237,404,2,0,0.2314446333875525,0,APPROVE,APPROVE,APPROVE
26938,368,6,0,0.1683886220558345,1,APPROVE,APPROVE,APPROVE
3349,9,8,0,0.0077275273282094,1,APPROVE,APPROVE,APPROVE
16144,1855,1,1,0.2197033445490598,0,APPROVE,APPROVE,APPROVE
42517,366,7,0,0.8906633855435448,1,BLOCK,BLOCK,BLOCK
23674,822,6,0,0.090095048641874,1,APPROVE,APPROVE,APPROVE
6883,150,1,0,0.0001634186857956,0,APPROVE,APPROVE,APPROVE
17244,654,8,0,0.0956102913214981,0,APPROVE,APPROVE,APPROVE
6919,1011,8,1,0.8323811368881462,1,BLOCK,BLOCK,BLOCK
16943,1953,7,0,0.0401764190620514,0,APPROVE,APPROVE,APPROVE
48619,1037,10,0,0.9940540169769227,1,BLOCK,BLOCK,BLOCK
40586,402,2,0,0.1790583683079875,0,APPROVE,APPROVE,APPROVE
3291,1543,2,1,0.0438975442713151,0,APPROVE,APPROVE,APPROVE
5855,1671,1,0,0.0001032697599278,0,APPROVE,APPROVE,APPROVE
24517,1636,12,0,0.8317583035171476,1,BLOCK,BLOCK,BLOCK
45900,506,10,0,0.9907820944108626,1,BLOCK,BLOCK,BLOCK
30354,1318,2,0,0.0246191170676798,0,APPROVE,APPROVE,APPROVE
14156,1336,10,0,0.1581560700638782,0,APPROVE,APPROVE,APPROVE
27572,226,3,1,0.926804926508746,1,BLOCK,BLOCK,BLOCK
49245,386,12,0,0.9987031562070146,1,BLOCK,BLOCK,BLOCK
19294,459,2,0,0.0033455928445581,0,APPROVE,APPROVE,APPROVE
24958,819,4,0,0.0337175684429437,0,APPROVE,APPROVE,APPROVE
20231,1470,7,0,0.0795503280166406,1,APPROVE,APPROVE,APPROVE
26805,1556,2,1,0.8199082729553917,1,BLOCK,BLOCK,BLOCK
27960,758,10,0,0.755071767685837,1,BLOCK,BLOCK,BLOCK
22019,902,10,0,0.4848710759344133,1,APPROVE,APPROVE,REVIEW
45771,679,11,0,0.9948830894554628,1,BLOCK,BLOCK,BLOCK
45509,1598,12,1,0.999991191495917,1,BLOCK,BLOCK,BLOCK
14019,363,2,1,0.3137475735222021,0,APPROVE,APPROVE,APPROVE
34618,1292,9,0,0.8442464043122755,1,BLOCK,BLOCK,BLOCK
22836,1870,12,1,0.9992229267958564,1,BLOCK,BLOCK,BLOCK
15696,982,8,0,0.068793402029041,0,APPROVE,APPROVE,APPROVE
8892,532,5,0,0.003013316567327,0,APPROVE,APPROVE,APPROVE
15178,848,1,0,0.0007348886413887,0,APPROVE,APPROVE,APPROVE
46745,608,13,0,0.9988504262409326,1,BLOCK,BLOCK,BLOCK
40362,725,1,0,0.0937542510703809,0,APPROVE,APPROVE,APPROVE
43584,857,11,0,0.9919351646742514,1,BLOCK,BLOCK,BLOCK
48024,1054,11,0,0.9964847398001524,1,BLOCK,BLOCK,BLOCK
48613,1505,12,0,0.9982266780515856,1,BLOCK,BLOCK,BLOCK
36595,895,7,0,0.7004771393274876,1,BLOCK,REVIEW,BLOCK
11438,1527,4,0,0.0021940704458468,0,APPROVE,APPROVE,APPROVE
23171,992,11,0,0.6892922457293994,1,APPROVE,REVIEW,BLOCK
40870,1379,8,0,0.904727989799,1,BLOCK,BLOCK,BLOCK
799,1996,4,0,0.0002534341671139,0,APPROVE,APPROVE,APPROVE
34033,321,9,0,0.8507431029662521,1,BLOCK,BLOCK,BLOCK
32502,57,13,0,0.9832913514230592,1,BLOCK,BLOCK,BLOCK
11013,300,4,0,0.0024854434473759,0,APPROVE,APPROVE,APPROVE
13993,1634,3,0,0.0018595981078967,0,APPROVE,APPROVE,APPROVE
7010,528,5,0,0.0020887369654782,0,APPROVE,APPROVE,APPROVE
33020,97,8,0,0.7176851111196648,1,BLOCK,REVIEW,BLOCK
35837,34,11,0,0.968827478862106,1,BLOCK,BLOCK,BLOCK
43101,1770,7,0,0.8780002470252108,1,BLOCK,BLOCK,BLOCK
47157,283,7,0,0.9534303586166748,1,BLOCK,BLOCK,BLOCK
38513,238,4,1,0.9951492174982848,1,BLOCK,BLOCK,BLOCK
16874,618,10,0,0.2652923574095811,0,APPROVE,APPROVE,APPROVE
24463,1513,14,0,0.9479965094693406,1,BLOCK,BLOCK,BLOCK
13091,772,9,0,0.0807685895086501,0,APPROVE,APPROVE,APPROVE
33428,485,5,0,0.2699451166344178,0,APPROVE,APPROVE,APPROVE
46263,189,4,0,0.7146976453847097,0,BLOCK,REVIEW,BLOCK
23375,1717,8,0,0.226504909796161,1,APPROVE,APPROVE,APPROVE
24039,1596,3,0,0.0131998499313281,0,APPROVE,APPROVE,APPROVE
15624,571,14,0,0.791510045661019,0,BLOCK,BLOCK,BLOCK
46982,771,9,0,0.985178178309644,1,BLOCK,BLOCK,BLOCK
38144,1504,1,0,0.0554849323932409,0,APPROVE,APPROVE,APPROVE
49811,763,11,0,0.9976382375513732,1,BLOCK,BLOCK,BLOCK
1232,1090,12,0,0.0539925844617461,0,APPROVE,APPROVE,APPROVE
5918,1750,12,0,0.1131619533408178,0,APPROVE,APPROVE,APPROVE
36675,189,6,0,0.5836220430733122,1,APPROVE,REVIEW,REVIEW
6051,26,11,0,0.084113325401157,1,APPROVE,APPROVE,APPROVE
31282,984,7,1,0.9967468237921676,1,BLOCK,BLOCK,BLOCK
23011,15,11,0,0.7173237560431025,1,BLOCK,REVIEW,BLOCK
44164,901,12,0,0.9961866237077616,1,BLOCK,BLOCK,BLOCK
33750,1255,4,0,0.1531870279116466,0,APPROVE,APPROVE,APPROVE
18233,1316,7,0,0.0566188848713188,0,APPROVE,APPROVE,APPROVE
35920,283,11,0,0.9680326546102264,1,BLOCK,BLOCK,BLOCK
44039,1829,13,1,0.9999936076218102,1,BLOCK,BLOCK,BLOCK
28831,1152,2,0,0.0189090797249128,0,APPROVE,APPROVE,APPROVE
15474,800,2,0,0.0014986018699529,0,APPROVE,APPROVE,APPROVE
34691,57,3,0,0.1224009555261608,0,APPROVE,APPROVE,APPROVE
6395,1232,4,0,0.0008613987905345,0,APPROVE,APPROVE,APPROVE
12552,545,9,0,0.0759375584832823,0,APPROVE,APPROVE,APPROVE
13492,177,8,0,0.0521582711481451,0,APPROVE,APPROVE,APPROVE
951,1326,2,0,8.016146829663218e-05,0,APPROVE,APPROVE,APPROVE
17614,1334,13,0,0.720421250398647,0,BLOCK,REVIEW,BLOCK
22840,78,3,0,0.0135022720093957,0,APPROVE,APPROVE,APPROVE
7797,1045,3,1,0.1872550188450196,0,APPROVE,APPROVE,APPROVE
36977,1568,1,0,0.0442069123436485,0,APPROVE,APPROVE,APPROVE
641,1393,10,0,0.0130609218109641,0,APPROVE,APPROVE,APPROVE
37298,1410,1,0,0.04815027604394,0,APPROVE,APPROVE,APPROVE
24718,49,1,0,0.0054121650500539,0,APPROVE,APPROVE,APPROVE
31326,409,13,0,0.9778012810206376,1,BLOCK,BLOCK,BLOCK
48300,1997,12,0,0.9979512239149684,1,BLOCK,BLOCK,BLOCK
48615,845,14,0,0.9995651423783888,1,BLOCK,BLOCK,BLOCK
6418,1967,4,0,0.0007639425402706,0,APPROVE,APPROVE,APPROVE
10333,1283,9,0,0.0448717763807955,0,APPROVE,APPROVE,APPROVE
18988,1755,8,0,0.1098161700385072,0,APPROVE,APPROVE,APPROVE
46137,666,4,0,0.692698228254786,0,APPROVE,REVIEW,BLOCK
24696,1201,2,0,0.0084419079456134,0,APPROVE,APPROVE,APPROVE
48114,1557,6,0,0.9123691596267492,1,BLOCK,BLOCK,BLOCK
44525,660,12,0,0.9965875290259852,1,BLOCK,BLOCK,BLOCK
46920,429,9,0,0.9858334145570694,1,BLOCK,BLOCK,BLOCK
48385,76,10,0,0.9947082544436916,1,BLOCK,BLOCK,BLOCK
39974,230,6,0,0.7263007881659378,1,BLOCK,REVIEW,BLOCK
23601,887,12,1,0.999433543124808,1,BLOCK,BLOCK,BLOCK
5407,292,4,0,0.0008327891995103,0,APPROVE,APPROVE,APPROVE
32320,1504,14,0,0.9883561131462596,1,BLOCK,BLOCK,BLOCK
12524,803,3,0,0.0016068013102821,0,APPROVE,APPROVE,APPROVE
12209,304,12,0,0.35820151329226,0,APPROVE,APPROVE,APPROVE
49921,1644,2,0,0.5230773972409525,0,APPROVE,REVIEW,REVIEW
23599,433,14,0,0.9486917100425454,1,BLOCK,BLOCK,BLOCK
6459,1311,14,0,0.3580184385614296,0,APPROVE,APPROVE,APPROVE
4027,506,13,0,0.172159486636954,0,APPROVE,APPROVE,APPROVE
19603,1191,3,0,0.0059809475143355,0,APPROVE,APPROVE,APPROVE
26485,1587,13,0,0.9333084852008304,1,BLOCK,BLOCK,BLOCK
41879,1578,3,0,0.3053373432670772,0,APPROVE,APPROVE,APPROVE
11490,478,1,0,0.0003805121384585,0,APPROVE,APPROVE,APPROVE
27353,390,1,0,0.0085253103273806,0,APPROVE,APPROVE,APPROVE
48751,972,2,0,0.4943799538200749,0,APPROVE,APPROVE,REVIEW
49947,1391,9,0,0.9907282606867316,1,BLOCK,BLOCK,BLOCK
33993,893,2,1,0.9540878397108146,1,BLOCK,BLOCK,BLOCK
6973,1259,5,0,0.0018323464838424,0,APPROVE,APPROVE,APPROVE
17513,1917,3,0,0.0035224135176711,0,APPROVE,APPROVE,APPROVE
6084,751,6,0,0.0032021129441685,0,APPROVE,APPROVE,APPROVE
17608,998,6,0,0.0285056827170243,0,APPROVE,APPROVE,APPROVE
46543,1720,13,0,0.9985563030521234,1,BLOCK,BLOCK,BLOCK
39333,1010,9,0,0.9346351697647588,1,BLOCK,BLOCK,BLOCK
5356,982,8,0,0.0096825414995421,0,APPROVE,APPROVE,APPROVE
23355,1005,13,0,0.8933279413907452,1,BLOCK,BLOCK,BLOCK
40015,350,2,0,0.1644342148814609,0,APPROVE,APPROVE,APPROVE
46232,580,2,0,0.3896773225740462,0,APPROVE,APPROVE,APPROVE
16825,1922,7,0,0.0394948050234197,0,APPROVE,APPROVE,APPROVE
22769,1243,1,1,0.5329871278275516,1,APPROVE,REVIEW,REVIEW
18387,970,3,0,0.0049004138014277,0,APPROVE,APPROVE,APPROVE
16753,1591,12,0,0.5218027844622678,0,APPROVE,REVIEW,REVIEW
18484,614,7,0,0.0662995517259742,0,APPROVE,APPROVE,APPROVE
38562,1127,12,0,0.9882424536170183,1,BLOCK,BLOCK,BLOCK
49080,71,10,0,0.9953816075998942,1,BLOCK,BLOCK,BLOCK
4525,72,11,1,0.9621497355924826,1,BLOCK,BLOCK,BLOCK
27217,444,14,0,0.973991648471382,1,BLOCK,BLOCK,BLOCK
11354,456,1,0,0.0003719125499969,0,APPROVE,APPROVE,APPROVE
30231,978,12,0,0.9441334936645074,1,BLOCK,BLOCK,BLOCK
9211,893,7,0,0.010922653485918,0,APPROVE,APPROVE,APPROVE
14457,583,14,0,0.7509660320440469,0,BLOCK,BLOCK,BLOCK
14094,1655,4,0,0.0036042111059566,0,APPROVE,APPROVE,APPROVE
13803,1612,9,0,0.0805302449624369,0,APPROVE,APPROVE,APPROVE
36544,601,6,0,0.5602460890071422,1,APPROVE,REVIEW,REVIEW
14488,137,14,0,0.7659314730164292,0,BLOCK,BLOCK,BLOCK
27513,1873,13,0,0.942198966720464,1,BLOCK,BLOCK,BLOCK
14253,1002,5,0,0.0079005498684957,0,APPROVE,APPROVE,APPROVE
7391,486,1,0,0.0001704900176855,0,APPROVE,APPROVE,APPROVE
21744,1987,7,0,0.096194491407246,1,APPROVE,APPROVE,APPROVE
7169,655,12,0,0.1640429796702636,0,APPROVE,APPROVE,APPROVE
32407,310,3,0,0.0787459040783452,0,APPROVE,APPROVE,APPROVE
44050,1152,7,0,0.9058558470269236,1,BLOCK,BLOCK,BLOCK
24632,1165,10,0,0.600108577888911,1,APPROVE,REVIEW,BLOCK
37258,1782,7,0,0.6961014185595116,1,APPROVE,REVIEW,BLOCK
15187,1282,12,0,0.4584440907068733,0,APPROVE,APPROVE,REVIEW
32398,208,1,0,0.0232353811051365,0,APPROVE,APPROVE,APPROVE
30548,1554,4,0,0.084185639468257,0,APPROVE,APPROVE,APPROVE
10993,296,8,0,0.0320200290220627,0,APPROVE,APPROVE,APPROVE
5551,688,3,0,0.0004194289236527,0,APPROVE,APPROVE,APPROVE
12695,226,7,0,0.0238601796844402,0,APPROVE,APPROVE,APPROVE
28869,239,11,0,0.8848271359329237,1,BLOCK,BLOCK,BLOCK
11123,628,3,0,0.0012589313860652,0,APPROVE,APPROVE,APPROVE
37919,1256,10,0,0.9520835592417548,1,BLOCK,BLOCK,BLOCK
25038,882,13,0,0.922386449228032,1,BLOCK,BLOCK,BLOCK
14763,109,6,0,0.0191825543602528,0,APPROVE,APPROVE,APPROVE
43832,1899,9,0,0.9673690638993327,1,BLOCK,BLOCK,BLOCK
23290,1235,8,0,0.238117731950986,1,APPROVE,APPROVE,APPROVE
8538,988,13,0,0.3165061634061131,0,APPROVE,APPROVE,APPROVE
36120,1829,6,0,0.4877416154974856,1,APPROVE,APPROVE,REVIEW
19974,540,13,0,0.8238707593962848,0,BLOCK,BLOCK,BLOCK
21620,1809,3,0,0.0079744713092586,0,APPROVE,APPROVE,APPROVE
16558,618,7,0,0.0464266039636305,0,APPROVE,APPROVE,APPROVE
3489,730,13,0,0.1526954522537101,0,APPROVE,APPROVE,APPROVE
6202,943,7,1,0.6956351574263765,1,APPROVE,REVIEW,BLOCK
3400,1882,11,0,0.0383827586356956,0,APPROVE,APPROVE,APPROVE
32579,1351,1,0,0.0198981546378372,0,APPROVE,APPROVE,APPROVE
20766,1792,11,0,0.5475434727242606,1,APPROVE,REVIEW,REVIEW
49912,529,3,0,0.7164715838133134,0,BLOCK,REVIEW,BLOCK
41999,1974,12,0,0.9930358730350248,1,BLOCK,BLOCK,BLOCK
38857,192,7,0,0.8039572209219189,1,BLOCK,BLOCK,BLOCK
36398,1733,14,0,0.994513750967218,1,BLOCK,BLOCK,BLOCK
40646,1833,3,0,0.2485402888906712,0,APPROVE,APPROVE,APPROVE
26249,1026,4,0,0.0415648067177424,0,APPROVE,APPROVE,APPROVE
24423,924,13,0,0.9127604144521004,1,BLOCK,BLOCK,BLOCK
29033,520,7,0,0.3622007768915168,1,APPROVE,APPROVE,APPROVE
12585,270,13,0,0.5357953928750823,0,APPROVE,REVIEW,REVIEW
32225,1725,14,0,0.9876929341516844,1,BLOCK,BLOCK,BLOCK
27087,692,1,0,0.0076954540476247,0,APPROVE,APPROVE,APPROVE
42836,1721,9,0,0.961753592724138,1,BLOCK,BLOCK,BLOCK
40019,255,2,0,0.1667686889205967,0,APPROVE,APPROVE,APPROVE
23352,1186,13,0,0.8903097478804084,1,BLOCK,BLOCK,BLOCK
30973,1028,9,0,0.7353708341856392,1,BLOCK,REVIEW,BLOCK
41043,1592,10,0,0.9718924640433604,1,BLOCK,BLOCK,BLOCK
36181,1,5,0,0.4074851353389191,1,APPROVE,APPROVE,REVIEW
5719,1168,6,0,0.0027790840756195,0,APPROVE,APPROVE,APPROVE
29803,1388,1,0,0.0115866977005158,0,APPROVE,APPROVE,APPROVE
40030,988,11,0,0.9836142884918988,1,BLOCK,BLOCK,BLOCK
40561,308,13,0,0.9963472327703534,1,BLOCK,BLOCK,BLOCK
4460,1882,1,1,0.0277287063121509,0,APPROVE,APPROVE,APPROVE
39438,1150,4,0,0.359039437919235,0,APPROVE,APPROVE,APPROVE
24145,919,13,1,0.9997318812646646,1,BLOCK,BLOCK,BLOCK
15405,688,12,0,0.4941941380427335,0,APPROVE,APPROVE,REVIEW
45658,1952,8,0,0.9564852263551396,1,BLOCK,BLOCK,BLOCK
7883,423,7,0,0.0091396400098546,0,APPROVE,APPROVE,APPROVE
30205,111,14,0,0.9861273462305632,1,BLOCK,BLOCK,BLOCK
23583,3,11,0,0.7398393584295894,1,BLOCK,REVIEW,BLOCK
46658,16,6,0,0.910479753842214,1,BLOCK,BLOCK,BLOCK
22800,278,2,0,0.0068247766617365,0,APPROVE,APPROVE,APPROVE
42859,1515,10,0,0.980381058231802,1,BLOCK,BLOCK,BLOCK
23661,1111,11,0,0.7052583581126359,1,BLOCK,REVIEW,BLOCK
18171,96,6,0,0.0367691651963308,0,APPROVE,APPROVE,APPROVE
13621,818,6,0,0.0136807275327934,0,APPROVE,APPROVE,APPROVE
3463,1104,12,1,0.970690291918286,1,BLOCK,BLOCK,BLOCK
32193,212,4,1,0.9835699716366272,1,BLOCK,BLOCK,BLOCK
34687,954,3,0,0.1068997652045658,0,APPROVE,APPROVE,APPROVE
3404,838,12,0,0.0834891966728351,0,APPROVE,APPROVE,APPROVE
14160,526,13,0,0.6006204015505482,0,APPROVE,REVIEW,BLOCK
40180,1068,11,0,0.9838665107440456,1,BLOCK,BLOCK,BLOCK
15625,330,13,0,0.6743273057190717,0,APPROVE,REVIEW,BLOCK
16399,1953,6,0,0.0193188482554896,0,APPROVE,APPROVE,APPROVE
5205,988,12,1,0.9793761691288544,1,BLOCK,BLOCK,BLOCK
46928,1892,3,0,0.5280287669972574,0,APPROVE,REVIEW,REVIEW
27145,1382,14,1,0.999915555637739,1,BLOCK,BLOCK,BLOCK
6271,32,7,0,0.0071397218701966,0,APPROVE,APPROVE,APPROVE
49845,691,4,0,0.822553688681512,0,BLOCK,BLOCK,BLOCK
9448,738,9,0,0.0415391703459854,0,APPROVE,APPROVE,APPROVE
26486,1857,4,0,0.0379557971623918,0,APPROVE,APPROVE,APPROVE
46940,1066,1,0,0.2611645273162415,0,APPROVE,APPROVE,APPROVE
12928,780,12,0,0.3720838740275802,0,APPROVE,APPROVE,APPROVE
27156,1398,1,0,0.006925142568693,0,APPROVE,APPROVE,APPROVE
11937,1600,6,0,0.008663062543004,0,APPROVE,APPROVE,APPROVE
29526,1270,1,0,0.0112019069582793,0,APPROVE,APPROVE,APPROVE
34164,1670,11,0,0.944373534959748,1,BLOCK,BLOCK,BLOCK
10804,157,14,0,0.6133839537595633,0,APPROVE,REVIEW,BLOCK
1205,40,3,0,0.0002001395834697,0,APPROVE,APPROVE,APPROVE
3094,577,3,0,0.0002643643349645,0,APPROVE,APPROVE,APPROVE
33370,54,13,0,0.9858704113415864,1,BLOCK,BLOCK,BLOCK
10626,873,12,0,0.2710518045086871,0,APPROVE,APPROVE,APPROVE
6190,673,10,0,0.0423880185578962,0,APPROVE,APPROVE,APPROVE
29082,551,6,0,0.2299136471481611,1,APPROVE,APPROVE,APPROVE
5630,903,8,1,0.7971876277479838,1,BLOCK,BLOCK,BLOCK
19163,1637,8,0,0.115231834950963,0,APPROVE,APPROVE,APPROVE
6571,563,2,0,0.0002738102735573,0,APPROVE,APPROVE,APPROVE
38749,1444,11,1,0.999938503141386,1,BLOCK,BLOCK,BLOCK
44916,1803,5,0,0.7366083706173985,0,BLOCK,REVIEW,BLOCK
42256,1041,4,0,0.4975260760912112,0,APPROVE,APPROVE,REVIEW
5874,187,9,0,0.0231067623728261,0,APPROVE,APPROVE,APPROVE
33461,669,10,0,0.9017519809537634,1,BLOCK,BLOCK,BLOCK
10203,1025,5,0,0.0035796544108861,0,APPROVE,APPROVE,APPROVE
14487,1361,5,0,0.0077828963202246,0,APPROVE,APPROVE,APPROVE
19676,1477,14,0,0.8779212089959745,0,BLOCK,BLOCK,BLOCK
1834,1475,14,1,0.9880282251244846,1,BLOCK,BLOCK,BLOCK
44399,801,7,0,0.9162032069684564,1,BLOCK,BLOCK,BLOCK
24406,1256,2,0,0.0079066218149982,0,APPROVE,APPROVE,APPROVE
29896,1889,9,0,0.6604659214309482,1,APPROVE,REVIEW,BLOCK
36508,144,11,0,0.972053775291599,1,BLOCK,BLOCK,BLOCK
30918,804,10,0,0.8450875420941238,1,BLOCK,BLOCK,BLOCK
29390,1747,7,0,0.3309018030202569,1,APPROVE,APPROVE,APPROVE
9131,1103,3,0,0.0007870772678293,0,APPROVE,APPROVE,APPROVE
20094,1845,2,0,0.0030934541883743,0,APPROVE,APPROVE,APPROVE
8415,1687,14,0,0.4340890720928203,0,APPROVE,APPROVE,REVIEW
9917,530,11,0,0.1522469255146422,0,APPROVE,APPROVE,APPROVE
42980,12,4,0,0.5759651710062024,1,APPROVE,REVIEW,REVIEW
47757,368,11,0,0.9967023754619874,1,BLOCK,BLOCK,BLOCK
37813,1082,10,0,0.9524825104724016,1,BLOCK,BLOCK,BLOCK
13041,1359,5,0,0.0058789129822647,0,APPROVE,APPROVE,APPROVE
13151,1518,5,0,0.0058471274647628,0,APPROVE,APPROVE,APPROVE
22413,1585,8,0,0.1987834174656375,1,APPROVE,APPROVE,APPROVE
14142,228,1,0,0.00066668618303,0,APPROVE,APPROVE,APPROVE
34861,676,5,0,0.3214697644039329,0,APPROVE,APPROVE,APPROVE
4904,974,1,0,9.650239676354508e-05,0,APPROVE,APPROVE,APPROVE
34720,1725,13,0,0.9855979507787458,1,BLOCK,BLOCK,BLOCK
28858,1470,3,0,0.0338828098006406,0,APPROVE,APPROVE,APPROVE
771,1208,3,0,0.0001508190422567,0,APPROVE,APPROVE,APPROVE
23508,1598,10,0,0.5281309070158071,1,APPROVE,REVIEW,REVIEW
5744,1042,6,0,0.0028528185813938,0,APPROVE,APPROVE,APPROVE
40610,1782,10,0,0.968516281147113,1,BLOCK,BLOCK,BLOCK
39324,1412,2,0,0.1255524563572381,0,APPROVE,APPROVE,APPROVE
49493,755,7,0,0.9675775645342416,1,BLOCK,BLOCK,BLOCK
34900,1978,9,0,0.8360289488751961,1,BLOCK,BLOCK,BLOCK
46314,540,13,0,0.99876376871176,1,BLOCK,BLOCK,BLOCK
42883,668,11,0,0.9910498670614372,1,BLOCK,BLOCK,BLOCK
20315,1799,10,0,0.3668057658487029,1,APPROVE,APPROVE,APPROVE
42076,598,8,0,0.9320892458856272,1,BLOCK,BLOCK,BLOCK
10849,1083,4,0,0.0021084462370148,0,APPROVE,APPROVE,APPROVE
17550,1367,7,0,0.0494837524575145,0,APPROVE,APPROVE,APPROVE
21412,982,10,0,0.4519434115419521,1,APPROVE,APPROVE,REVIEW
42938,329,13,0,0.9976940404030262,1,BLOCK,BLOCK,BLOCK
47617,82,3,0,0.63505791764924,0,APPROVE,REVIEW,BLOCK
37961,1408,4,0,0.2865559408038064,0,APPROVE,APPROVE,APPROVE
3014,1831,3,0,0.0002104080459035,0,APPROVE,APPROVE,APPROVE
22515,920,14,0,0.93230332495155,1,BLOCK,BLOCK,BLOCK
38746,1495,12,0,0.9879313827883264,1,BLOCK,BLOCK,BLOCK
49301,1690,11,0,0.9969483296566198,1,BLOCK,BLOCK,BLOCK
34666,1941,5,1,0.9928239520363248,1,BLOCK,BLOCK,BLOCK
18330,866,6,0,0.0334030957341042,0,APPROVE,APPROVE,APPROVE
26063,1539,10,0,0.6507559765362813,1,APPROVE,REVIEW,BLOCK
31807,1097,1,1,0.8726484970222512,1,BLOCK,BLOCK,BLOCK
23964,1531,12,1,0.9994114811322452,1,BLOCK,BLOCK,BLOCK
48454,68,9,0,0.990086095340966,1,BLOCK,BLOCK,BLOCK
6216,197,14,0,0.3911311720192555,0,APPROVE,APPROVE,APPROVE
6821,572,9,0,0.0259742121714747,0,APPROVE,APPROVE,APPROVE
19267,1895,2,0,0.0026105089675267,0,APPROVE,APPROVE,APPROVE
16187,1073,3,0,0.0031372228041948,0,APPROVE,APPROVE,APPROVE
44049,524,7,1,0.999751518024676,1,BLOCK,BLOCK,BLOCK
42014,759,3,0,0.3414818543825555,0,APPROVE,APPROVE,APPROVE
31007,656,9,0,0.7487184437794114,1,BLOCK,REVIEW,BLOCK
43653,1213,5,0,0.7071248929317543,0,BLOCK,REVIEW,BLOCK
15987,1927,11,0,0.3171635714926335,0,APPROVE,APPROVE,APPROVE
40351,1716,3,0,0.2415380484382997,0,APPROVE,APPROVE,APPROVE
27000,360,8,1,0.996461519451018,1,BLOCK,BLOCK,BLOCK
10836,306,10,0,0.1046444185006792,0,APPROVE,APPROVE,APPROVE
27866,1092,8,0,0.4393537036172153,1,APPROVE,APPROVE,REVIEW
18739,46,13,0,0.7997986478794334,0,BLOCK,BLOCK,BLOCK
26023,814,6,0,0.1356741590151951,1,APPROVE,APPROVE,APPROVE
6471,1218,13,0,0.2291433836624688,0,APPROVE,APPROVE,APPROVE
3442,411,13,1,0.986085596691184,1,BLOCK,BLOCK,BLOCK
23193,1458,7,0,0.1338752638579315,1,APPROVE,APPROVE,APPROVE
11690,1752,8,0,0.0287631353148613,0,APPROVE,APPROVE,APPROVE
42949,1554,3,1,0.995135216761262,1,BLOCK,BLOCK,BLOCK
10444,733,5,0,0.0039415092008656,0,APPROVE,APPROVE,APPROVE
38310,434,14,0,0.9969643301464176,1,BLOCK,BLOCK,BLOCK
1220,463,7,1,0.4834098706006438,1,APPROVE,APPROVE,REVIEW
36803,1955,10,0,0.9341568186342132,1,BLOCK,BLOCK,BLOCK
48858,1509,3,1,0.9984749296171688,1,BLOCK,BLOCK,BLOCK
48506,429,5,0,0.8769216832074139,0,BLOCK,BLOCK,BLOCK
5455,373,13,0,0.2195057297624375,0,APPROVE,APPROVE,APPROVE
29400,1760,10,0,0.7751357169819655,1,BLOCK,BLOCK,BLOCK
24527,1217,13,0,0.9103944820934444,1,BLOCK,BLOCK,BLOCK
12548,1567,12,0,0.3249557307817688,0,APPROVE,APPROVE,APPROVE
7290,778,7,0,0.0076745330259126,0,APPROVE,APPROVE,APPROVE
38428,543,6,0,0.6503268774510186,1,APPROVE,REVIEW,BLOCK
12863,1332,9,0,0.0709938288272466,0,APPROVE,APPROVE,APPROVE
20159,1388,3,1,0.7092358160064731,1,BLOCK,REVIEW,BLOCK
38167,1213,6,0,0.6120156121874687,1,APPROVE,REVIEW,BLOCK
11403,1933,1,0,0.0002923093981095,0,APPROVE,APPROVE,APPROVE
2700,1153,11,0,0.0378961487824207,0,APPROVE,APPROVE,APPROVE
44362,990,12,0,0.9962753473718352,1,BLOCK,BLOCK,BLOCK
7068,754,10,1,0.9511969365911735,1,BLOCK,BLOCK,BLOCK
30115,334,11,0,0.9060678828056709,1,BLOCK,BLOCK,BLOCK
43121,221,8,0,0.9472280505717002,1,BLOCK,BLOCK,BLOCK
20000,1642,6,0,0.040305609418332,0,APPROVE,APPROVE,APPROVE
1406,314,3,0,0.0001987119728836,0,APPROVE,APPROVE,APPROVE
8612,774,7,0,0.0099232242673318,0,APPROVE,APPROVE,APPROVE
1476,1366,4,0,0.0003219182026368,0,APPROVE,APPROVE,APPROVE
35872,316,11,0,0.967565670724735,1,BLOCK,BLOCK,BLOCK
13176,1662,1,0,0.0004328556219822,0,APPROVE,APPROVE,APPROVE
11764,471,8,0,0.0359943041902301,0,APPROVE,APPROVE,APPROVE
31107,1773,7,0,0.4078880437650825,1,APPROVE,APPROVE,REVIEW
31431,1978,1,1,0.8457460836578328,1,BLOCK,BLOCK,BLOCK
46860,1067,2,0,0.3992859633574666,0,APPROVE,APPROVE,APPROVE
41028,533,6,0,0.7559658645981258,1,BLOCK,BLOCK,BLOCK
29955,1952,5,0,0.1275303247037824,0,APPROVE,APPROVE,APPROVE
7181,461,10,0,0.0527600788513754,0,APPROVE,APPROVE,APPROVE
24385,1242,1,0,0.0041472698124609,0,APPROVE,APPROVE,APPROVE
438,1131,7,0,0.0019035120698708,0,APPROVE,APPROVE,APPROVE
46814,429,7,0,0.9491781436240686,1,BLOCK,BLOCK,BLOCK
41873,162,2,0,0.2261255459854776,0,APPROVE,APPROVE,APPROVE
28469,895,11,0,0.8640640342419722,1,BLOCK,BLOCK,BLOCK
13589,344,13,0,0.5810880003242949,0,APPROVE,REVIEW,REVIEW
21736,1874,10,0,0.4302719040245442,1,APPROVE,APPROVE,REVIEW
46719,622,4,0,0.7178974737095871,0,BLOCK,REVIEW,BLOCK
26247,362,2,0,0.0131198793283338,0,APPROVE,APPROVE,APPROVE
9006,1192,5,0,0.0027556566241966,0,APPROVE,APPROVE,APPROVE
4721,1789,7,0,0.0039265152320677,0,APPROVE,APPROVE,APPROVE
15634,114,14,0,0.8043202017237049,0,BLOCK,BLOCK,BLOCK
31458,1434,12,0,0.9521176738087876,1,BLOCK,BLOCK,BLOCK
45680,1445,12,0,0.9968888826280876,1,BLOCK,BLOCK,BLOCK
3731,1254,13,0,0.1473978537557807,0,APPROVE,APPROVE,APPROVE
24454,163,11,0,0.7664457385984162,1,BLOCK,BLOCK,BLOCK
23421,140,9,0,0.4244855620767951,1,APPROVE,APPROVE,REVIEW
33695,173,4,1,0.9877808732151916,1,BLOCK,BLOCK,BLOCK
22540,446,3,0,0.0119808420126469,0,APPROVE,APPROVE,APPROVE
38311,1818,11,0,0.9738610844573578,1,BLOCK,BLOCK,BLOCK
14634,1833,4,0,0.0038854755985262,0,APPROVE,APPROVE,APPROVE
46267,79,4,1,0.9989597676536592,1,BLOCK,BLOCK,BLOCK
40547,1449,2,0,0.1534302999554754,0,APPROVE,APPROVE,APPROVE
28346,720,8,0,0.4783106426643757,1,APPROVE,APPROVE,REVIEW
9377,1717,1,0,0.0002040336830053,0,APPROVE,APPROVE,APPROVE
44957,892,11,0,0.9937861639143798,1,BLOCK,BLOCK,BLOCK
39182,1130,6,0,0.6611418322954878,1,APPROVE,REVIEW,BLOCK
45840,156,7,1,0.999835526414808,1,BLOCK,BLOCK,BLOCK
31286,1763,8,0,0.5772030799993394,1,APPROVE,REVIEW,REVIEW
10242,1048,1,0,0.000270660320142,0,APPROVE,APPROVE,APPROVE
1955,948,1,1,0.0200614595896838,0,APPROVE,APPROVE,APPROVE
2969,1689,9,0,0.0102805288392382,0,APPROVE,APPROVE,APPROVE
10322,1779,2,0,0.0004638843205596,0,APPROVE,APPROVE,APPROVE
14589,1052,8,0,0.0555270828892295,0,APPROVE,APPROVE,APPROVE
49858,616,7,0,0.9704279663187104,1,BLOCK,BLOCK,BLOCK
13150,281,4,0,0.0037823044627433,0,APPROVE,APPROVE,APPROVE
34514,364,7,0,0.6300949124074628,1,APPROVE,REVIEW,BLOCK
20556,1623,3,1,0.7169666027484692,1,BLOCK,REVIEW,BLOCK
31274,1321,5,1,0.9875258394001224,1,BLOCK,BLOCK,BLOCK
13522,1547,6,0,0.0118794108554816,0,APPROVE,APPROVE,APPROVE
49238,1611,6,0,0.9278142021659008,1,BLOCK,BLOCK,BLOCK
17668,435,5,0,0.0168103349237708,0,APPROVE,APPROVE,APPROVE
34349,1472,3,1,0.9747351268566344,1,BLOCK,BLOCK,BLOCK
34710,1250,9,0,0.8475206814344741,1,BLOCK,BLOCK,BLOCK
25269,1322,4,0,0.0329288461098416,0,APPROVE,APPROVE,APPROVE
26409,1712,6,0,0.1269160894634065,1,APPROVE,APPROVE,APPROVE
45180,1183,4,1,0.9984491900402804,1,BLOCK,BLOCK,BLOCK
48847,1280,3,0,0.6436761547884728,0,APPROVE,REVIEW,BLOCK
32182,1228,2,0,0.0353483775238724,0,APPROVE,APPROVE,APPROVE
7079,1952,5,0,0.0016635615208421,0,APPROVE,APPROVE,APPROVE
12676,1095,7,0,0.0205828549783976,0,APPROVE,APPROVE,APPROVE
14968,1793,3,0,0.0021896803205216,0,APPROVE,APPROVE,APPROVE
45133,653,10,0,0.9890391323552205,1,BLOCK,BLOCK,BLOCK
38501,554,5,0,0.4963971748418492,0,APPROVE,APPROVE,REVIEW
2269,1644,1,0,5.145024890195922e-05,0,APPROVE,APPROVE,APPROVE
33648,1373,4,0,0.148074528174187,0,APPROVE,APPROVE,APPROVE
504,1431,9,0,0.0066562315513068,0,APPROVE,APPROVE,APPROVE
48809,61,9,1,0.9999751839243822,1,BLOCK,BLOCK,BLOCK
39982,1092,10,0,0.9683390209483708,1,BLOCK,BLOCK,BLOCK
8124,595,5,1,0.4917338132011655,0,APPROVE,APPROVE,REVIEW
29152,1953,2,1,0.8707296397749946,1,BLOCK,BLOCK,BLOCK
23648,393,5,1,0.9542364112179892,1,BLOCK,BLOCK,BLOCK
20180,769,8,0,0.1554797658283956,1,APPROVE,APPROVE,APPROVE
25892,839,7,0,0.2254374872631115,1,APPROVE,APPROVE,APPROVE
8433,460,13,0,0.3316218506540946,0,APPROVE,APPROVE,APPROVE
12793,1089,6,0,0.0111412382980679,0,APPROVE,APPROVE,APPROVE
25570,1879,1,1,0.6392472417635249,1,APPROVE,REVIEW,BLOCK
20219,1626,10,0,0.3692632525750625,1,APPROVE,APPROVE,APPROVE
29530,1261,14,0,0.9808628230035406,1,BLOCK,BLOCK,BLOCK
41705,1759,10,0,0.9745276424950992,1,BLOCK,BLOCK,BLOCK
18646,190,3,0,0.0058784056865545,0,APPROVE,APPROVE,APPROVE
19916,1199,13,0,0.8052884006285315,0,BLOCK,BLOCK,BLOCK
22741,1794,8,0,0.2033945189476859,1,APPROVE,APPROVE,APPROVE
15382,1536,13,1,0.9983499061376456,1,BLOCK,BLOCK,BLOCK
40258,1110,7,0,0.8219369413166412,1,BLOCK,BLOCK,BLOCK
47738,1959,7,0,0.9452405959076438,1,BLOCK,BLOCK,BLOCK
10925,1066,7,0,0.0147733567882485,0,APPROVE,APPROVE,APPROVE
19940,99,10,1,0.9963104864030746,1,BLOCK,BLOCK,BLOCK
22656,1279,10,0,0.5000276100788992,1,APPROVE,REVIEW,REVIEW
30599,574,4,0,0.0988026344846388,0,APPROVE,APPROVE,APPROVE
37866,608,8,0,0.8574333488869215,1,BLOCK,BLOCK,BLOCK
47961,1605,2,1,0.9964778964499106,1,BLOCK,BLOCK,BLOCK
32702,148,13,0,0.9836760196905971,1,BLOCK,BLOCK,BLOCK
47696,1626,6,0,0.9046035273124065,1,BLOCK,BLOCK,BLOCK
27227,453,8,1,0.9965610253568083,1,BLOCK,BLOCK,BLOCK
37811,1938,4,0,0.2628129183444759,0,APPROVE,APPROVE,APPROVE
9947,1354,12,0,0.230822212625444,0,APPROVE,APPROVE,APPROVE
47292,1043,7,0,0.948661940254764,1,BLOCK,BLOCK,BLOCK
35392,535,6,0,0.5070103722738935,1,APPROVE,REVIEW,REVIEW
43156,854,7,0,0.8947065589134864,1,BLOCK,BLOCK,BLOCK
27455,1849,2,0,0.012915073604834,0,APPROVE,APPROVE,APPROVE
32798,565,9,0,0.8111518848206745,1,BLOCK,BLOCK,BLOCK
35617,1883,14,0,0.9934506451859358,1,BLOCK,BLOCK,BLOCK
7729,1292,2,0,0.0003034593156007,0,APPROVE,APPROVE,APPROVE
3706,1036,11,0,0.0466338456855958,0,APPROVE,APPROVE,APPROVE
28832,1859,7,0,0.3031715554495968,1,APPROVE,APPROVE,APPROVE
39140,1755,6,0,0.6351020740485717,1,APPROVE,REVIEW,BLOCK
7492,828,9,0,0.0282908878042175,0,APPROVE,APPROVE,APPROVE
2759,1481,10,0,0.0193473228942542,0,APPROVE,APPROVE,APPROVE
18475,1935,14,0,0.8402803070310776,0,BLOCK,BLOCK,BLOCK
20752,337,12,0,0.7468892088710939,1,BLOCK,REVIEW,BLOCK
7060,194,1,0,0.0001679164479717,0,APPROVE,APPROVE,APPROVE
38567,1265,7,0,0.7635977064911627,1,BLOCK,BLOCK,BLOCK
36046,727,2,1,0.9696374489980204,1,BLOCK,BLOCK,BLOCK
32892,697,7,0,0.5396439632028514,1,APPROVE,REVIEW,REVIEW
25692,1515,3,1,0.8756967782865224,1,BLOCK,BLOCK,BLOCK
40703,971,1,0,0.0958974876389509,0,APPROVE,APPROVE,APPROVE
10804,252,9,0,0.057809601850339,0,APPROVE,APPROVE,APPROVE
23063,372,4,0,0.0253264657289345,0,APPROVE,APPROVE,APPROVE
46676,1364,10,0,0.9908389988594278,1,BLOCK,BLOCK,BLOCK
27090,948,5,0,0.0900492477133866,0,APPROVE,APPROVE,APPROVE
18005,1995,9,0,0.1573228169916273,0,APPROVE,APPROVE,APPROVE
44139,54,2,0,0.316736413786495,0,APPROVE,APPROVE,APPROVE
27269,1516,9,0,0.5535038852829622,1,APPROVE,REVIEW,REVIEW
33034,671,12,0,0.9685557783899958,1,BLOCK,BLOCK,BLOCK
22860,1725,4,0,0.0194658871738386,0,APPROVE,APPROVE,APPROVE
15371,151,4,0,0.0059571170232822,0,APPROVE,APPROVE,APPROVE
36761,286,1,0,0.0522292284132903,0,APPROVE,APPROVE,APPROVE
45102,472,14,0,0.9991888428779336,1,BLOCK,BLOCK,BLOCK
35922,491,3,0,0.1415185422417806,0,APPROVE,APPROVE,APPROVE
9792,1883,12,0,0.2102014303705378,0,APPROVE,APPROVE,APPROVE
23073,122,2,0,0.0073879127027047,0,APPROVE,APPROVE,APPROVE
7913,299,7,0,0.0093864820076812,0,APPROVE,APPROVE,APPROVE
11361,1395,7,0,0.015208539774146,0,APPROVE,APPROVE,APPROVE
13705,1357,8,0,0.0448569956988192,0,APPROVE,APPROVE,APPROVE
49316,1338,1,0,0.3494738883330739,0,APPROVE,APPROVE,APPROVE
32530,816,9,0,0.7961697261218958,1,BLOCK,BLOCK,BLOCK
21878,784,1,0,0.00274891647584,0,APPROVE,APPROVE,APPROVE
21618,1849,7,0,0.0960869358582198,1,APPROVE,APPROVE,APPROVE
5718,515,10,0,0.0398068971054701,0,APPROVE,APPROVE,APPROVE
9174,305,1,0,0.0002491415762446,0,APPROVE,APPROVE,APPROVE
46068,237,4,0,0.7051679790029536,0,BLOCK,REVIEW,BLOCK
1114,1357,5,0,0.0005736794629513,0,APPROVE,APPROVE,APPROVE
12776,1762,11,0,0.2031260996682421,0,APPROVE,APPROVE,APPROVE
43101,125,6,0,0.8327621651203488,1,BLOCK,BLOCK,BLOCK
4332,1796,7,0,0.0036356042180904,0,APPROVE,APPROVE,APPROVE
15685,1334,1,0,0.000747278752532,0,APPROVE,APPROVE,APPROVE
19442,1726,7,0,0.0662231914336885,0,APPROVE,APPROVE,APPROVE
26045,945,1,0,0.0060231218820316,0,APPROVE,APPROVE,APPROVE
20929,65,3,0,0.009351183321878,0,APPROVE,APPROVE,APPROVE
2743,501,3,0,0.0002500305316284,0,APPROVE,APPROVE,APPROVE
4117,1604,8,0,0.0068575504743888,0,APPROVE,APPROVE,APPROVE
5204,1452,2,1,0.0634814088723812,0,APPROVE,APPROVE,APPROVE
16599,1809,7,0,0.0385559315947181,0,APPROVE,APPROVE,APPROVE
5586,1156,8,0,0.0098320353172863,0,APPROVE,APPROVE,APPROVE
29040,825,9,0,0.6633845678514747,1,APPROVE,REVIEW,BLOCK
23151,187,2,0,0.0074190050393771,0,APPROVE,APPROVE,APPROVE
30237,21,10,0,0.8450364864956016,1,BLOCK,BLOCK,BLOCK
29415,1595,5,0,0.1225996819250711,0,APPROVE,APPROVE,APPROVE
23384,853,4,1,0.9055498303294768,1,BLOCK,BLOCK,BLOCK
6740,778,14,1,0.9958928297590356,1,BLOCK,BLOCK,BLOCK
46785,1720,11,0,0.9949926818881156,1,BLOCK,BLOCK,BLOCK
21486,712,3,0,0.0093438137939445,0,APPROVE,APPROVE,APPROVE
35535,1841,4,1,0.988675829077194,1,BLOCK,BLOCK,BLOCK
15534,1363,13,1,0.9984444078851143,1,BLOCK,BLOCK,BLOCK
46105,1623,6,0,0.8742193150332479,1,BLOCK,BLOCK,BLOCK
1778,1231,3,0,0.0001829292917141,0,APPROVE,APPROVE,APPROVE
31996,1684,9,0,0.7522903019473395,1,BLOCK,BLOCK,BLOCK
48579,108,14,0,0.9996135092651176,1,BLOCK,BLOCK,BLOCK
6272,967,9,0,0.0219090413704164,0,APPROVE,APPROVE,APPROVE
26760,1703,10,0,0.6749960855664827,1,APPROVE,REVIEW,BLOCK
9368,250,5,0,0.0034677708210063,0,APPROVE,APPROVE,APPROVE
8411,276,3,0,0.0007866409209875,0,APPROVE,APPROVE,APPROVE
23670,1049,7,0,0.1538838928473147,1,APPROVE,APPROVE,APPROVE
44022,532,5,0,0.7444320632229977,0,BLOCK,REVIEW,BLOCK
45196,822,5,0,0.7772239928921683,0,BLOCK,BLOCK,BLOCK
20195,997,5,0,0.0248462332481876,0,APPROVE,APPROVE,APPROVE
10426,508,11,0,0.1660613389207671,0,APPROVE,APPROVE,APPROVE
25332,1125,13,0,0.9235444356917972,1,BLOCK,BLOCK,BLOCK
48896,1927,4,1,0.9991488109937064,1,BLOCK,BLOCK,BLOCK
47298,1171,14,0,0.9994054924076716,1,BLOCK,BLOCK,BLOCK
44457,1574,8,0,0.9487962371923369,1,BLOCK,BLOCK,BLOCK
18789,1623,5,0,0.0171063286945258,0,APPROVE,APPROVE,APPROVE
37581,1230,13,0,0.9923805025195052,1,BLOCK,BLOCK,BLOCK
18589,1239,2,0,0.0025555234970917,0,APPROVE,APPROVE,APPROVE
23498,650,10,0,0.5674547134938444,1,APPROVE,REVIEW,REVIEW
22268,392,3,0,0.0114705787744813,0,APPROVE,APPROVE,APPROVE
8094,1504,13,0,0.2800465288264301,0,APPROVE,APPROVE,APPROVE
16054,1253,2,0,0.0015543896949248,0,APPROVE,APPROVE,APPROVE
43470,1662,4,0,0.5305160672702639,0,APPROVE,REVIEW,REVIEW
8817,1457,11,0,0.1101262292133062,0,APPROVE,APPROVE,APPROVE
20056,76,13,0,0.8371986923976924,1,BLOCK,BLOCK,BLOCK
47253,1102,1,0,0.2719378130615105,0,APPROVE,APPROVE,APPROVE
44914,294,4,0,0.6539980477850236,0,APPROVE,REVIEW,BLOCK
11680,1692,6,0,0.0081153071771989,0,APPROVE,APPROVE,APPROVE
31081,1946,3,1,0.9494630591434636,1,BLOCK,BLOCK,BLOCK
46513,662,2,0,0.3994834853467319,0,APPROVE,APPROVE,APPROVE
15249,1019,13,1,0.998448446428047,1,BLOCK,BLOCK,BLOCK
30056,1606,12,0,0.9362290562227794,1,BLOCK,BLOCK,BLOCK
48690,618,13,0,0.9992125528996448,1,BLOCK,BLOCK,BLOCK
24372,1918,2,0,0.0070262849305314,0,APPROVE,APPROVE,APPROVE
12460,565,11,0,0.2269429016765216,0,APPROVE,APPROVE,APPROVE
8802,1877,14,0,0.4447955672194557,0,APPROVE,APPROVE,REVIEW
42459,1386,8,0,0.9282752452729524,1,BLOCK,BLOCK,BLOCK
16341,1375,13,0,0.6661050841443864,0,APPROVE,REVIEW,BLOCK
45757,1231,2,0,0.3425424392390716,0,APPROVE,APPROVE,APPROVE
21228,1133,4,1,0.8570869749737077,1,BLOCK,BLOCK,BLOCK
2279,464,14,0,0.2213433659462375,0,APPROVE,APPROVE,APPROVE
4683,1371,13,0,0.1695518648761008,0,APPROVE,APPROVE,APPROVE
41896,1464,2,0,0.1905178499182704,0,APPROVE,APPROVE,APPROVE
41316,1004,14,0,0.9981403942437892,1,BLOCK,BLOCK,BLOCK
49808,940,9,0,0.991170392493747,1,BLOCK,BLOCK,BLOCK
5690,85,6,0,0.0033187633877324,0,APPROVE,APPROVE,APPROVE
3902,1052,8,0,0.0072178707526008,0,APPROVE,APPROVE,APPROVE
7105,1882,14,0,0.3648270462837705,0,APPROVE,APPROVE,APPROVE
22712,233,2,0,0.0067601540826466,0,APPROVE,APPROVE,APPROVE
2668,1379,1,0,5.81829262101858e-05,0,APPROVE,APPROVE,APPROVE
21213,1486,14,0,0.9065292494241836,1,BLOCK,BLOCK,BLOCK
2144,422,10,0,0.0205056843792845,0,APPROVE,APPROVE,APPROVE
23644,1117,12,0,0.8198633931651103,1,BLOCK,BLOCK,BLOCK
16050,1431,13,0,0.6511751010088669,0,APPROVE,REVIEW,BLOCK
31054,1337,12,1,0.9998576244338726,1,BLOCK,BLOCK,BLOCK
34866,388,14,0,0.9941094449322312,1,BLOCK,BLOCK,BLOCK
18945,117,5,0,0.0226405090812533,0,APPROVE,APPROVE,APPROVE
35250,276,9,0,0.8793297137857977,1,BLOCK,BLOCK,BLOCK
19641,559,13,0,0.8137319082871786,0,BLOCK,BLOCK,BLOCK
16506,1463,10,0,0.2254939041411257,0,APPROVE,APPROVE,APPROVE
30206,923,11,0,0.8988436314342406,1,BLOCK,BLOCK,BLOCK
4833,985,11,0,0.0579432997062267,0,APPROVE,APPROVE,APPROVE
33139,1448,4,0,0.1344636391497348,0,APPROVE,APPROVE,APPROVE
21836,1499,11,1,0.9983064611626372,1,BLOCK,BLOCK,BLOCK
23299,1294,5,0,0.0425671528108362,0,APPROVE,APPROVE,APPROVE
33713,325,4,0,0.1737438704271189,0,APPROVE,APPROVE,APPROVE
1592,93,7,1,0.5172747364601119,1,APPROVE,REVIEW,REVIEW
15375,1579,10,0,0.1862124497666253,0,APPROVE,APPROVE,APPROVE
16959,1014,6,0,0.0251266382867601,0,APPROVE,APPROVE,APPROVE
26039,1830,5,0,0.0648770197743895,0,APPROVE,APPROVE,APPROVE
22990,1949,11,1,0.9985411103534308,1,BLOCK,BLOCK,BLOCK
34988,649,4,0,0.2034439590837804,0,APPROVE,APPROVE,APPROVE
10887,1469,9,0,0.04828105687676,0,APPROVE,APPROVE,APPROVE
16761,243,10,0,0.2734599250607291,0,APPROVE,APPROVE,APPROVE
31110,35,10,0,0.865827515401826,1,BLOCK,BLOCK,BLOCK
39991,381,2,0,0.163071443619994,0,APPROVE,APPROVE,APPROVE
44669,752,10,0,0.987809837063781,1,BLOCK,BLOCK,BLOCK
44509,919,12,1,0.999990453859924,1,BLOCK,BLOCK,BLOCK
18950,480,14,0,0.8807965373269566,0,BLOCK,BLOCK,BLOCK
49911,402,9,0,0.9920937918081704,1,BLOCK,BLOCK,BLOCK
16298,593,3,0,0.0034768202627752,0,APPROVE,APPROVE,APPROVE
46584,1782,1,0,0.226008090932269,0,APPROVE,APPROVE,APPROVE
15538,536,4,0,0.005766940576285,0,APPROVE,APPROVE,APPROVE
8701,1970,11,0,0.0998270031927994,0,APPROVE,APPROVE,APPROVE
15950,1611,2,0,0.001433536104466,0,APPROVE,APPROVE,APPROVE
42819,1506,5,1,0.9986389969055102,1,BLOCK,BLOCK,BLOCK
25081,1390,6,1,0.978030698041583,1,BLOCK,BLOCK,BLOCK
6356,611,13,0,0.2436640519091485,0,APPROVE,APPROVE,APPROVE
35625,1138,11,0,0.961128253454357,1,BLOCK,BLOCK,BLOCK
36512,1360,1,1,0.9426862578956506,1,BLOCK,BLOCK,BLOCK
45703,1871,5,0,0.7632904728817974,0,BLOCK,BLOCK,BLOCK
12751,1817,9,0,0.0644233474607198,0,APPROVE,APPROVE,APPROVE
35873,292,13,0,0.9909368277123936,1,BLOCK,BLOCK,BLOCK
13668,1602,1,1,0.1533260615717538,0,APPROVE,APPROVE,APPROVE
46503,1658,13,0,0.998560179097838,1,BLOCK,BLOCK,BLOCK
6468,217,7,0,0.0071906039993608,0,APPROVE,APPROVE,APPROVE
18674,1361,9,1,0.9888996128104496,1,BLOCK,BLOCK,BLOCK
46860,1300,9,0,0.9834248870307348,1,BLOCK,BLOCK,BLOCK
44689,1923,4,0,0.5784379850674155,0,APPROVE,REVIEW,REVIEW
12215,1017,2,0,0.0007641878112136,0,APPROVE,APPROVE,APPROVE
11507,1764,6,1,0.7460431221128256,1,BLOCK,REVIEW,BLOCK
19228,236,2,0,0.0034297018659145,0,APPROVE,APPROVE,APPROVE
49950,575,2,0,0.5693885043336979,0,APPROVE,REVIEW,REVIEW
28480,708,8,0,0.4853620563382652,1,APPROVE,APPROVE,REVIEW
48554,1533,9,0,0.9875675889433864,1,BLOCK,BLOCK,BLOCK
24666,1156,4,1,0.9212763507741306,1,BLOCK,BLOCK,BLOCK
47075,74,13,0,0.999015435578673,1,BLOCK,BLOCK,BLOCK
2554,105,10,0,0.0233762719976556,0,APPROVE,APPROVE,APPROVE
37308,134,11,0,0.9760440606242552,1,BLOCK,BLOCK,BLOCK
20718,1232,5,0,0.026404622717793,0,APPROVE,APPROVE,APPROVE
37726,177,14,0,0.9967428861199435,1,BLOCK,BLOCK,BLOCK
28282,1393,12,0,0.9149573504261418,1,BLOCK,BLOCK,BLOCK
23716,813,9,1,0.9961990142163958,1,BLOCK,BLOCK,BLOCK
954,1699,3,0,0.0001438257506656,0,APPROVE,APPROVE,APPROVE
32541,486,9,0,0.805439725011594,1,BLOCK,BLOCK,BLOCK
1424,1620,2,0,8.365371421121737e-05,0,APPROVE,APPROVE,APPROVE
49149,1113,8,0,0.9804539984793164,1,BLOCK,BLOCK,BLOCK
22533,1358,14,0,0.927697962908824,1,BLOCK,BLOCK,BLOCK
46102,1736,14,1,0.9999977997968048,1,BLOCK,BLOCK,BLOCK
25831,1511,14,0,0.959725804987308,1,BLOCK,BLOCK,BLOCK
27351,1646,9,0,0.5520178519989394,1,APPROVE,REVIEW,REVIEW
41145,688,6,0,0.7553370036460079,1,BLOCK,BLOCK,BLOCK
19269,79,14,0,0.8938227960893166,0,BLOCK,BLOCK,BLOCK
28311,419,11,0,0.8698115579500715,1,BLOCK,BLOCK,BLOCK
21642,1507,13,1,0.9995167724628732,1,BLOCK,BLOCK,BLOCK
2149,920,2,0,0.0001085470021942,0,APPROVE,APPROVE,APPROVE
25933,1877,6,0,0.1140940070194072,1,APPROVE,APPROVE,APPROVE
5383,1919,5,0,0.0012011893055153,0,APPROVE,APPROVE,APPROVE
2591,952,7,1,0.5296705168218176,1,APPROVE,REVIEW,REVIEW
1254,1379,13,0,0.0944204507165172,0,APPROVE,APPROVE,APPROVE
16489,732,12,0,0.5452073902409744,0,APPROVE,REVIEW,REVIEW
6933,1214,7,0,0.0066536399339481,0,APPROVE,APPROVE,APPROVE
43003,1274,8,0,0.9361886200524696,1,BLOCK,BLOCK,BLOCK
32662,1461,11,0,0.9291394451110314,1,BLOCK,BLOCK,BLOCK
2069,1449,1,0,5.114027396897395e-05,0,APPROVE,APPROVE,APPROVE
2468,365,2,0,0.0001269365782996,0,APPROVE,APPROVE,APPROVE
26531,1690,13,0,0.9327791739733722,1,BLOCK,BLOCK,BLOCK
16746,508,11,0,0.4066773312683403,0,APPROVE,APPROVE,REVIEW
19723,326,2,0,0.0037200270228122,0,APPROVE,APPROVE,APPROVE
2200,1412,14,0,0.1924617170188871,0,APPROVE,APPROVE,APPROVE
49038,557,10,0,0.994945636464081,1,BLOCK,BLOCK,BLOCK
24135,1997,9,0,0.3823230259907119,1,APPROVE,APPROVE,APPROVE
26954,1926,10,0,0.6750225850485609,1,APPROVE,REVIEW,BLOCK
17733,629,6,0,0.0310173731595433,0,APPROVE,APPROVE,APPROVE
5031,1241,2,1,0.0635975074104794,0,APPROVE,APPROVE,APPROVE
21464,1096,11,0,0.6095243658978087,1,APPROVE,REVIEW,BLOCK
3856,159,9,0,0.0157631833939329,0,APPROVE,APPROVE,APPROVE
32908,357,1,0,0.0249870362559046,0,APPROVE,APPROVE,APPROVE
45899,153,6,1,0.9996896019265284,1,BLOCK,BLOCK,BLOCK
4258,139,3,0,0.0003575164355446,0,APPROVE,APPROVE,APPROVE
45342,324,9,1,0.9999488809083574,1,BLOCK,BLOCK,BLOCK
38045,1655,1,0,0.053174619860267,0,APPROVE,APPROVE,APPROVE
16773,1190,10,0,0.2431642487114568,0,APPROVE,APPROVE,APPROVE
20864,1089,2,0,0.00408415809521,0,APPROVE,APPROVE,APPROVE
43139,32,3,0,0.4222941738887503,0,APPROVE,APPROVE,REVIEW
38809,534,2,0,0.1309392918379642,0,APPROVE,APPROVE,APPROVE
17775,340,11,0,0.463074970018081,0,APPROVE,APPROVE,REVIEW
39356,217,5,0,0.5523003294832143,0,APPROVE,REVIEW,REVIEW
29692,1858,1,0,0.0104808627457365,0,APPROVE,APPROVE,APPROVE
46254,820,1,0,0.243723744232577,0,APPROVE,APPROVE,APPROVE
14924,217,8,0,0.0674450910610548,0,APPROVE,APPROVE,APPROVE
7710,455,9,0,0.0313522091965633,0,APPROVE,APPROVE,APPROVE
12688,1450,13,0,0.4908600337877428,0,APPROVE,APPROVE,REVIEW
26761,1320,8,0,0.3778756239610555,1,APPROVE,APPROVE,APPROVE
10114,351,12,0,0.268765200182998,0,APPROVE,APPROVE,APPROVE
6901,712,7,1,0.7315478296720669,1,BLOCK,REVIEW,BLOCK
34399,328,12,0,0.9770839869093838,1,BLOCK,BLOCK,BLOCK
15148,618,2,0,0.001450182563358,0,APPROVE,APPROVE,APPROVE
32352,688,9,0,0.7940348909272401,1,BLOCK,BLOCK,BLOCK
46051,704,11,0,0.9951339626590848,1,BLOCK,BLOCK,BLOCK
40490,1355,6,0,0.7080738952656417,1,BLOCK,REVIEW,BLOCK
7109,1350,8,1,0.8295246040566776,1,BLOCK,BLOCK,BLOCK
25976,651,5,1,0.9692007457624572,1,BLOCK,BLOCK,BLOCK
24942,678,13,0,0.9235117259539666,1,BLOCK,BLOCK,BLOCK
15055,1746,7,1,0.9184821131128208,1,BLOCK,BLOCK,BLOCK
22762,1466,7,0,0.1242512460794481,1,APPROVE,APPROVE,APPROVE
38738,789,13,1,0.9999848879574468,1,BLOCK,BLOCK,BLOCK
3686,363,14,1,0.9930633932590116,1,BLOCK,BLOCK,BLOCK
16388,889,13,0,0.6861631976978592,0,APPROVE,REVIEW,BLOCK
4594,1309,12,0,0.0959551869384668,0,APPROVE,APPROVE,APPROVE
21225,748,4,1,0.8648317883444395,1,BLOCK,BLOCK,BLOCK
44054,26,3,0,0.4667027109496123,1,APPROVE,APPROVE,REVIEW
27670,137,6,0,0.1954867514088083,1,APPROVE,APPROVE,APPROVE
11216,925,13,0,0.4414156886317802,0,APPROVE,APPROVE,REVIEW
42921,171,4,0,0.5665342454170275,0,APPROVE,REVIEW,REVIEW
21061,1550,12,0,0.7184511500752836,1,BLOCK,REVIEW,BLOCK
19655,10,4,0,0.0139889234606399,0,APPROVE,APPROVE,APPROVE
34631,1564,3,0,0.0964575620523944,0,APPROVE,APPROVE,APPROVE
30187,500,12,0,0.947835011568372,1,BLOCK,BLOCK,BLOCK
46340,1294,4,0,0.6782965748745798,0,APPROVE,REVIEW,BLOCK
41520,235,13,0,0.9970072225599548,1,BLOCK,BLOCK,BLOCK
10899,675,3,0,0.0011954763067952,0,APPROVE,APPROVE,APPROVE
761,921,6,0,0.001100754149084,0,APPROVE,APPROVE,APPROVE
31228,1234,9,1,0.9990579421550152,1,BLOCK,BLOCK,BLOCK
42071,176,13,0,0.9973388418632324,1,BLOCK,BLOCK,BLOCK
21610,1050,8,0,0.1884323106142658,1,APPROVE,APPROVE,APPROVE
14310,1150,11,0,0.2762687674956351,0,APPROVE,APPROVE,APPROVE
9327,1749,11,0,0.1151451385340997,0,APPROVE,APPROVE,APPROVE
22418,681,14,0,0.933651718072722,1,BLOCK,BLOCK,BLOCK
39130,623,5,0,0.5242078755135781,0,APPROVE,REVIEW,REVIEW
9255,613,5,0,0.0031903232225026,0,APPROVE,APPROVE,APPROVE
23933,883,13,0,0.9054183367097328,1,BLOCK,BLOCK,BLOCK
7266,658,9,0,0.0278714458907207,0,APPROVE,APPROVE,APPROVE
41852,1902,3,0,0.2927133041642176,0,APPROVE,APPROVE,APPROVE
38000,802,7,0,0.7577050615063103,1,BLOCK,BLOCK,BLOCK
43188,447,9,0,0.970960612482478,1,BLOCK,BLOCK,BLOCK
6550,1854,14,0,0.3411275547172854,0,APPROVE,APPROVE,APPROVE
36288,969,2,0,0.0787449517064421,0,APPROVE,APPROVE,APPROVE
37165,1280,5,1,0.996052338426906,1,BLOCK,BLOCK,BLOCK
11800,54,10,0,0.1283787663129645,0,APPROVE,APPROVE,APPROVE
12975,281,10,1,0.9853052407397194,1,BLOCK,BLOCK,BLOCK
43627,710,4,0,0.5779560288254836,0,APPROVE,REVIEW,REVIEW
34139,1233,14,0,0.9921782199195832,1,BLOCK,BLOCK,BLOCK
43898,1945,5,0,0.6910914221345864,0,APPROVE,REVIEW,BLOCK
20552,1722,8,1,0.9844556226826944,1,BLOCK,BLOCK,BLOCK
41962,746,13,0,0.9970065619821232,1,BLOCK,BLOCK,BLOCK
3812,148,11,0,0.0548713393709136,0,APPROVE,APPROVE,APPROVE
15992,1938,14,1,0.9991786135521108,1,BLOCK,BLOCK,BLOCK
45213,930,10,0,0.988694186790008,1,BLOCK,BLOCK,BLOCK
7353,1320,14,0,0.3987561808727457,0,APPROVE,APPROVE,APPROVE
18808,1551,3,0,0.0048220412383651,0,APPROVE,APPROVE,APPROVE
35319,1639,6,0,0.4567384327517513,1,APPROVE,APPROVE,REVIEW
47168,1650,5,0,0.8168001793700792,0,BLOCK,BLOCK,BLOCK
2343,732,5,0,0.000810952134195,0,APPROVE,APPROVE,APPROVE
30754,482,11,0,0.9142303683524692,1,BLOCK,BLOCK,BLOCK
47556,1433,6,0,0.9050644257253844,1,BLOCK,BLOCK,BLOCK
16546,384,3,0,0.0037801590768552,0,APPROVE,APPROVE,APPROVE
21500,1678,6,0,0.0530076064301611,1,APPROVE,APPROVE,APPROVE
43046,840,14,0,0.9987098469770906,1,BLOCK,BLOCK,BLOCK
7500,1613,14,0,0.3937456538914123,0,APPROVE,APPROVE,APPROVE
33842,610,13,1,0.999961805808923,1,BLOCK,BLOCK,BLOCK
2098,943,2,1,0.0386953050430753,0,APPROVE,APPROVE,APPROVE
2025,949,14,0,0.1994409152166281,0,APPROVE,APPROVE,APPROVE
20630,6,3,0,0.0089126618683357,1,APPROVE,APPROVE,APPROVE
45065,1772,10,1,0.9999638874563128,1,BLOCK,BLOCK,BLOCK
30700,472,8,0,0.6024425477236169,1,APPROVE,REVIEW,BLOCK
4737,1832,9,0,0.0141243089105114,0,APPROVE,APPROVE,APPROVE
16631,415,2,0,0.0020049385906275,0,APPROVE,APPROVE,APPROVE
48253,897,14,0,0.9995291200335742,1,BLOCK,BLOCK,BLOCK
6250,591,4,0,0.0009334093659831,0,APPROVE,APPROVE,APPROVE
36312,1206,4,0,0.2313994414667126,0,APPROVE,APPROVE,APPROVE
2436,187,1,0,6.805920764785053e-05,0,APPROVE,APPROVE,APPROVE
39171,1106,13,0,0.994521358059773,1,BLOCK,BLOCK,BLOCK
18988,643,12,0,0.6648941848390675,0,APPROVE,REVIEW,BLOCK
35896,653,13,0,0.9904128856399212,1,BLOCK,BLOCK,BLOCK
7561,1299,6,0,0.0038924921340547,0,APPROVE,APPROVE,APPROVE
38496,579,3,0,0.2117800094470508,0,APPROVE,APPROVE,APPROVE
26600,853,14,0,0.9687183182296564,1,BLOCK,BLOCK,BLOCK
39432,589,9,0,0.939966361959086,1,BLOCK,BLOCK,BLOCK
8073,1528,12,0,0.1680223738183627,0,APPROVE,APPROVE,APPROVE
13174,524,14,0,0.7032547078479566,0,BLOCK,REVIEW,BLOCK
3536,1702,2,0,0.0001246872065173,0,APPROVE,APPROVE,APPROVE
31878,1877,14,1,0.999963606066246,1,BLOCK,BLOCK,BLOCK
10158,596,8,0,0.0260068686769607,0,APPROVE,APPROVE,APPROVE
38198,718,13,0,0.993799524445878,1,BLOCK,BLOCK,BLOCK
18384,1717,5,0,0.0155778224408723,0,APPROVE,APPROVE,APPROVE
1928,871,9,0,0.0096410883920126,0,APPROVE,APPROVE,APPROVE
17549,1486,12,0,0.5648229153842443,0,APPROVE,REVIEW,REVIEW
16435,328,9,0,0.1541240462270231,0,APPROVE,APPROVE,APPROVE
13495,343,6,0,0.0144561701233456,0,APPROVE,APPROVE,APPROVE
22363,986,3,1,0.8007394335674217,1,BLOCK,BLOCK,BLOCK
24865,302,1,0,0.005336475954686,0,APPROVE,APPROVE,APPROVE
7757,663,4,0,0.0012377753931123,0,APPROVE,APPROVE,APPROVE
15302,1258,9,0,0.1108641273572196,0,APPROVE,APPROVE,APPROVE
1467,1142,5,0,0.0006374738197631,0,APPROVE,APPROVE,APPROVE
17119,1231,9,0,0.1516148794392571,0,APPROVE,APPROVE,APPROVE
37365,195,5,0,0.4561864148610809,0,APPROVE,APPROVE,REVIEW
30306,181,4,0,0.0996382603249362,0,APPROVE,APPROVE,APPROVE
33887,554,10,0,0.9104928504824056,1,BLOCK,BLOCK,BLOCK
869,942,11,0,0.0277440337814255,0,APPROVE,APPROVE,APPROVE
1241,616,7,0,0.0024292300461906,0,APPROVE,APPROVE,APPROVE
28799,628,8,0,0.5043476380726802,1,APPROVE,REVIEW,REVIEW
30306,1115,8,0,0.5571333828138084,1,APPROVE,REVIEW,REVIEW
41343,628,6,1,0.9991802617249396,1,BLOCK,BLOCK,BLOCK
33928,833,9,1,0.9994807406340228,1,BLOCK,BLOCK,BLOCK
32282,1082,12,1,0.9998927590739096,1,BLOCK,BLOCK,BLOCK
32513,1660,3,0,0.0649035780492542,0,APPROVE,APPROVE,APPROVE
21727,127,14,0,0.9310543989482524,1,BLOCK,BLOCK,BLOCK
28672,989,1,1,0.7907987455130044,1,BLOCK,BLOCK,BLOCK
6952,1144,7,1,0.7189369160151654,1,BLOCK,REVIEW,BLOCK
7546,191,14,0,0.4547697600645977,0,APPROVE,APPROVE,REVIEW
2032,318,5,0,0.0008185972945457,0,APPROVE,APPROVE,APPROVE
33940,1303,3,1,0.9734397670571489,1,BLOCK,BLOCK,BLOCK
35340,1167,13,1,0.9999686824707956,1,BLOCK,BLOCK,BLOCK
26490,41,10,0,0.7231115187742779,1,BLOCK,REVIEW,BLOCK
19631,1829,9,0,0.2088103155070119,0,APPROVE,APPROVE,APPROVE
26034,1896,13,0,0.92400441924192,1,BLOCK,BLOCK,BLOCK
2569,1271,4,0,0.0004050858825777,0,APPROVE,APPROVE,APPROVE
44964,1635,3,0,0.443170804984452,0,APPROVE,APPROVE,REVIEW
16754,1876,13,1,0.9986629413867664,1,BLOCK,BLOCK,BLOCK
8633,1772,1,0,0.0001747702527173,0,APPROVE,APPROVE,APPROVE
27056,1807,4,0,0.0425874194746055,0,APPROVE,APPROVE,APPROVE
35347,1084,3,1,0.9804253270729671,1,BLOCK,BLOCK,BLOCK
43504,1782,4,0,0.5271017073228677,0,APPROVE,REVIEW,REVIEW
25379,492,4,0,0.038507441347031,0,APPROVE,APPROVE,APPROVE
23216,1746,3,0,0.010979687880246,0,APPROVE,APPROVE,APPROVE
40064,288,7,1,0.9994796668560352,1,BLOCK,BLOCK,BLOCK
20711,785,4,0,0.0150633697793952,0,APPROVE,APPROVE,APPROVE
29859,1491,4,1,0.9682826596946494,1,BLOCK,BLOCK,BLOCK
6681,546,13,1,0.9923957521595476,1,BLOCK,BLOCK,BLOCK
3480,381,10,0,0.0266467056035147,0,APPROVE,APPROVE,APPROVE
16294,6,1,0,0.0010541382438549,0,APPROVE,APPROVE,APPROVE
27336,944,3,0,0.0276835894873872,0,APPROVE,APPROVE,APPROVE
38620,340,12,0,0.9898115221288708,1,BLOCK,BLOCK,BLOCK
13665,993,7,0,0.0252890920238175,0,APPROVE,APPROVE,APPROVE
29825,157,9,0,0.7201576314694852,1,BLOCK,REVIEW,BLOCK
22027,1196,2,1,0.6552707507283804,1,APPROVE,REVIEW,BLOCK
47007,1723,3,0,0.5390074019721067,0,APPROVE,REVIEW,REVIEW
48663,1190,6,0,0.9250157312818302,1,BLOCK,BLOCK,BLOCK
34037,286,8,0,0.7502338796382723,1,BLOCK,BLOCK,BLOCK
15692,1324,13,0,0.6393024172708095,0,APPROVE,REVIEW,BLOCK
27623,1787,1,0,0.0071017484697029,0,APPROVE,APPROVE,APPROVE
21952,1839,6,0,0.0561596330756222,1,APPROVE,APPROVE,APPROVE
21974,932,2,0,0.0052054928405368,0,APPROVE,APPROVE,APPROVE
1691,936,11,0,0.0324580135587624,0,APPROVE,APPROVE,APPROVE
25775,960,9,0,0.5042345143705719,1,APPROVE,REVIEW,REVIEW
17711,382,12,0,0.6176745451117199,0,APPROVE,REVIEW,BLOCK
43685,396,6,0,0.8420536291987918,1,BLOCK,BLOCK,BLOCK
6497,1506,9,0,0.0209157522273905,0,APPROVE,APPROVE,APPROVE
1107,947,2,0,8.813122265943465e-05,0,APPROVE,APPROVE,APPROVE
47380,1253,7,0,0.947758078705327,1,BLOCK,BLOCK,BLOCK
37597,758,12,0,0.986682641393632,1,BLOCK,BLOCK,BLOCK
22531,1344,10,0,0.4911604545529432,1,APPROVE,APPROVE,REVIEW
28347,869,3,0,0.0339480367820409,0,APPROVE,APPROVE,APPROVE
16744,1677,14,0,0.7966553133288088,0,BLOCK,BLOCK,BLOCK
5241,471,3,0,0.0004095577401003,0,APPROVE,APPROVE,APPROVE
25068,1979,10,0,0.5873768358797091,1,APPROVE,REVIEW,REVIEW
25951,1878,5,0,0.0633558018616666,0,APPROVE,APPROVE,APPROVE
44995,1093,3,0,0.467467681890317,0,APPROVE,APPROVE,REVIEW
14473,170,8,0,0.0625703241453003,0,APPROVE,APPROVE,APPROVE
48464,1185,1,0,0.3182036442529522,0,APPROVE,APPROVE,APPROVE
25576,1190,11,0,0.7744493401114947,1,BLOCK,BLOCK,BLOCK
22573,1724,4,0,0.0184259658810918,0,APPROVE,APPROVE,APPROVE
35370,270,14,0,0.9947647125040182,1,BLOCK,BLOCK,BLOCK
29729,1625,10,1,0.999293376765131,1,BLOCK,BLOCK,BLOCK
6743,521,7,0,0.0072065045719509,0,APPROVE,APPROVE,APPROVE
41194,785,5,1,0.998345557679483,1,BLOCK,BLOCK,BLOCK
40691,917,5,0,0.5871868218112906,0,APPROVE,REVIEW,REVIEW
33081,1117,11,0,0.9378383220599044,1,BLOCK,BLOCK,BLOCK
23952,1436,6,0,0.0860976669309554,1,APPROVE,APPROVE,APPROVE
22163,29,11,0,0.6820038892053705,1,APPROVE,REVIEW,BLOCK
19229,384,6,0,0.0427967553222095,0,APPROVE,APPROVE,APPROVE
23389,1540,3,0,0.0117521999335567,0,APPROVE,APPROVE,APPROVE
28853,682,11,0,0.876607934824737,1,BLOCK,BLOCK,BLOCK
1999,1359,12,0,0.0595794882273984,0,APPROVE,APPROVE,APPROVE
48931,83,10,0,0.995236048002853,1,BLOCK,BLOCK,BLOCK
32284,880,10,0,0.8755399789717433,1,BLOCK,BLOCK,BLOCK
34221,936,4,0,0.1731312266228047,0,APPROVE,APPROVE,APPROVE
20681,288,6,0,0.0569317887049802,1,APPROVE,APPROVE,APPROVE
2361,1465,12,0,0.0626089058755536,0,APPROVE,APPROVE,APPROVE
35528,768,3,0,0.127107959951656,0,APPROVE,APPROVE,APPROVE
49941,951,10,0,0.9954687799439194,1,BLOCK,BLOCK,BLOCK
1115,1292,6,0,0.0011077166692628,0,APPROVE,APPROVE,APPROVE
30602,855,11,1,0.9997262295962246,1,BLOCK,BLOCK,BLOCK
25151,1236,14,0,0.956252273430287,1,BLOCK,BLOCK,BLOCK
297,104,10,0,0.0151626535897372,0,APPROVE,APPROVE,APPROVE
39749,83,10,1,0.9999233037381836,1,BLOCK,BLOCK,BLOCK
14537,1333,14,1,0.9990148529297176,1,BLOCK,BLOCK,BLOCK
31412,259,8,0,0.6436023913672994,1,APPROVE,REVIEW,BLOCK
45191,876,13,0,0.9983704545507728,1,BLOCK,BLOCK,BLOCK
18147,678,14,0,0.8592844587612262,0,BLOCK,BLOCK,BLOCK
5152,1448,12,0,0.103638241424679,0,APPROVE,APPROVE,APPROVE
13480,1820,1,0,0.0004472193656275,0,APPROVE,APPROVE,APPROVE
39410,1507,13,1,0.9999850331469043,1,BLOCK,BLOCK,BLOCK
23663,698,2,0,0.0075188545107256,0,APPROVE,APPROVE,APPROVE
798,877,13,0,0.0940752973465684,0,APPROVE,APPROVE,APPROVE
10931,1787,14,0,0.5522928540844543,0,APPROVE,REVIEW,REVIEW
25438,1224,6,0,0.1155105731011948,1,APPROVE,APPROVE,APPROVE
28903,1421,12,0,0.92360961095713,1,BLOCK,BLOCK,BLOCK
17434,808,1,0,0.0011497768145883,0,APPROVE,APPROVE,APPROVE
8911,314,12,0,0.2261976458003459,0,APPROVE,APPROVE,APPROVE
8635,74,1,0,0.0002331768591539,0,APPROVE,APPROVE,APPROVE
11838,1175,4,0,0.002517757855751,0,APPROVE,APPROVE,APPROVE
2150,60,10,0,0.0218008744832443,0,APPROVE,APPROVE,APPROVE
35588,244,13,0,0.9904991859872636,1,BLOCK,BLOCK,BLOCK
262,659,14,0,0.1563792202132716,0,APPROVE,APPROVE,APPROVE
23232,1933,14,0,0.9302828627030056,1,BLOCK,BLOCK,BLOCK
4758,882,2,0,0.0001819680000231,0,APPROVE,APPROVE,APPROVE
21742,657,10,0,0.4817189001284393,1,APPROVE,APPROVE,REVIEW
49204,937,3,0,0.6724647386787939,0,APPROVE,REVIEW,BLOCK
24158,278,4,0,0.0316717418701887,0,APPROVE,APPROVE,APPROVE
34417,285,5,0,0.3170097277999319,0,APPROVE,APPROVE,APPROVE
10496,610,13,1,0.9963403052177148,1,BLOCK,BLOCK,BLOCK
44671,1122,7,0,0.9161075580940988,1,BLOCK,BLOCK,BLOCK
2900,804,2,0,0.000128216570307,0,APPROVE,APPROVE,APPROVE
29021,1205,10,0,0.7786035283558576,1,BLOCK,BLOCK,BLOCK
20413,493,10,0,0.4242693874148927,1,APPROVE,APPROVE,REVIEW
18852,1412,4,0,0.0094687596469259,0,APPROVE,APPROVE,APPROVE
27176,463,2,1,0.8549131768936274,1,BLOCK,BLOCK,BLOCK
29586,237,1,0,0.0134734731178846,0,APPROVE,APPROVE,APPROVE
15746,224,9,0,0.1394659726472261,0,APPROVE,APPROVE,APPROVE
40918,780,5,0,0.6034787868416536,0,APPROVE,REVIEW,BLOCK
45687,1215,11,0,0.9943065899035846,1,BLOCK,BLOCK,BLOCK
44998,1752,12,0,0.9962573083699948,1,BLOCK,BLOCK,BLOCK
29138,16,4,0,0.0830426845841116,1,APPROVE,APPROVE,APPROVE
7395,1488,3,0,0.0005251888326389,0,APPROVE,APPROVE,APPROVE
6506,1168,8,0,0.0117239583564717,0,APPROVE,APPROVE,APPROVE
20770,1625,1,0,0.0019207040445751,0,APPROVE,APPROVE,APPROVE
13099,798,12,0,0.3792116905036076,0,APPROVE,APPROVE,APPROVE
37039,188,14,0,0.9962692943200976,1,BLOCK,BLOCK,BLOCK
20078,1579,11,1,0.9975806560514032,1,BLOCK,BLOCK,BLOCK
34646,171,10,0,0.9264281750589436,1,BLOCK,BLOCK,BLOCK
34984,876,7,0,0.6312793966993047,1,APPROVE,REVIEW,BLOCK
17529,1782,6,1,0.904854477073283,1,BLOCK,BLOCK,BLOCK
37198,1021,12,0,0.9849710800568754,1,BLOCK,BLOCK,BLOCK
24171,510,12,0,0.8483149628976167,1,BLOCK,BLOCK,BLOCK
41969,1493,1,0,0.1106036734880078,0,APPROVE,APPROVE,APPROVE
12054,19,7,0,0.0218458783709948,1,APPROVE,APPROVE,APPROVE
626,1372,12,0,0.0460995528203758,0,APPROVE,APPROVE,APPROVE
28330,1963,14,0,0.9729602774661016,1,BLOCK,BLOCK,BLOCK
26393,1752,5,0,0.0700632033150276,0,APPROVE,APPROVE,APPROVE
34019,1138,8,0,0.7214839856625617,1,BLOCK,REVIEW,BLOCK
44623,1381,1,1,0.9876662417604212,1,BLOCK,BLOCK,BLOCK
16471,1184,11,0,0.3667562965382514,0,APPROVE,APPROVE,APPROVE
28376,1585,6,0,0.1791298790591244,1,APPROVE,APPROVE,APPROVE
31652,197,8,0,0.656670033006986,1,APPROVE,REVIEW,BLOCK
29498,818,2,0,0.0227112792074712,0,APPROVE,APPROVE,APPROVE
24829,1360,12,0,0.8463133146279477,1,BLOCK,BLOCK,BLOCK
4424,960,1,0,8.806462819884735e-05,0,APPROVE,APPROVE,APPROVE
33326,457,8,0,0.7174398782981773,1,BLOCK,REVIEW,BLOCK
30175,1186,10,0,0.815548170707134,1,BLOCK,BLOCK,BLOCK
9616,476,14,0,0.5436639731617863,0,APPROVE,REVIEW,REVIEW
2496,1974,10,0,0.0169445593560232,0,APPROVE,APPROVE,APPROVE
40485,589,12,0,0.9925995553742752,1,BLOCK,BLOCK,BLOCK
9960,493,2,0,0.0005374709924539,0,APPROVE,APPROVE,APPROVE
21827,1106,3,0,0.0093425989028134,0,APPROVE,APPROVE,APPROVE
48015,872,7,0,0.9563545366547632,1,BLOCK,BLOCK,BLOCK
14396,1127,3,0,0.0021920513667458,0,APPROVE,APPROVE,APPROVE
46464,1969,11,1,0.9999851328555583,1,BLOCK,BLOCK,BLOCK
43742,1623,4,1,0.9977877945506204,1,BLOCK,BLOCK,BLOCK
31049,1097,6,0,0.2856323103540323,1,APPROVE,APPROVE,APPROVE
5995,1112,10,1,0.9369881787510193,1,BLOCK,BLOCK,BLOCK
17827,1192,1,0,0.0011633332809362,0,APPROVE,APPROVE,APPROVE
46386,257,1,0,0.2667713222080262,0,APPROVE,APPROVE,APPROVE
10678,1790,13,0,0.3805175734561419,0,APPROVE,APPROVE,APPROVE
34932,1949,5,0,0.2790762158180617,0,APPROVE,APPROVE,APPROVE
22076,1153,11,0,0.6353742114055908,1,APPROVE,REVIEW,BLOCK
21876,881,12,0,0.7702385636543154,1,BLOCK,BLOCK,BLOCK
44354,809,3,0,0.448306932011718,0,APPROVE,APPROVE,REVIEW
38004,135,14,0,0.9969365546077462,1,BLOCK,BLOCK,BLOCK
45146,560,12,0,0.9970273310809936,1,BLOCK,BLOCK,BLOCK
38659,690,3,0,0.2139672479047832,0,APPROVE,APPROVE,APPROVE
28554,19,10,0,0.7969538053582602,1,BLOCK,BLOCK,BLOCK
10682,256,7,1,0.8604856744362334,1,BLOCK,BLOCK,BLOCK
28810,276,7,0,0.3616855578926439,1,APPROVE,APPROVE,APPROVE
12777,1851,1,0,0.0003877481734717,0,APPROVE,APPROVE,APPROVE
1767,922,9,0,0.0092652847843458,0,APPROVE,APPROVE,APPROVE
31216,1511,12,1,0.999857933417906,1,BLOCK,BLOCK,BLOCK
23425,390,12,0,0.8314436841283491,1,BLOCK,BLOCK,BLOCK
13607,1811,14,0,0.674640351286662,0,APPROVE,REVIEW,BLOCK
20009,954,11,0,0.5460749892999056,1,APPROVE,REVIEW,REVIEW
10856,1049,11,1,0.9867191472120498,1,BLOCK,BLOCK,BLOCK
47059,488,2,1,0.9965233501098232,1,BLOCK,BLOCK,BLOCK
12051,1421,11,0,0.1898736705401199,0,APPROVE,APPROVE,APPROVE
27816,336,14,0,0.977211715205718,1,BLOCK,BLOCK,BLOCK
26192,831,12,0,0.8871820901701323,1,BLOCK,BLOCK,BLOCK
23379,1716,13,0,0.8817698686331003,1,BLOCK,BLOCK,BLOCK
45575,743,14,0,0.9992257062328846,1,BLOCK,BLOCK,BLOCK
35759,171,11,0,0.9676437875670654,1,BLOCK,BLOCK,BLOCK
6354,1399,7,0,0.0057628986890432,0,APPROVE,APPROVE,APPROVE
37923,553,9,0,0.9214280698895244,1,BLOCK,BLOCK,BLOCK
18188,1814,1,0,0.0011234893852816,0,APPROVE,APPROVE,APPROVE
24445,1750,9,0,0.4068081483185998,1,APPROVE,APPROVE,REVIEW
32301,1395,12,0,0.9593568682000772,1,BLOCK,BLOCK,BLOCK
18810,464,7,0,0.0720397077815085,0,APPROVE,APPROVE,APPROVE
11525,1348,14,0,0.5988252588201542,0,APPROVE,REVIEW,REVIEW
37605,893,8,0,0.8448476483155272,1,BLOCK,BLOCK,BLOCK
29399,1877,9,0,0.6388097279585653,1,APPROVE,REVIEW,BLOCK
9610,384,14,0,0.5472417247548428,0,APPROVE,REVIEW,REVIEW
8225,1468,10,0,0.054454169528657,0,APPROVE,APPROVE,APPROVE
20244,1063,1,0,0.0019062702915266,0,APPROVE,APPROVE,APPROVE
45180,1002,12,0,0.9968178204191444,1,BLOCK,BLOCK,BLOCK
26169,203,1,0,0.006991752247201,0,APPROVE,APPROVE,APPROVE
35163,1644,11,0,0.9539840930003008,1,BLOCK,BLOCK,BLOCK
33013,1432,7,0,0.5144744583085346,1,APPROVE,REVIEW,REVIEW
18689,1535,12,1,0.9983493503591014,1,BLOCK,BLOCK,BLOCK
489,1281,10,1,0.8311507668024825,1,BLOCK,BLOCK,BLOCK
33220,383,8,0,0.7157785016008892,1,BLOCK,REVIEW,BLOCK
22152,957,12,0,0.7774295830604989,1,BLOCK,BLOCK,BLOCK
35398,209,9,1,0.999649545516546,1,BLOCK,BLOCK,BLOCK
47399,902,1,0,0.2844820353975144,0,APPROVE,APPROVE,APPROVE
34660,608,9,0,0.859892167126051,1,BLOCK,BLOCK,BLOCK
11211,781,1,0,0.0003422693000728,0,APPROVE,APPROVE,APPROVE
39987,4,4,0,0.4309953384868265,1,APPROVE,APPROVE,REVIEW
44586,1699,11,0,0.9923495407602136,1,BLOCK,BLOCK,BLOCK
43864,394,14,0,0.9989804103387936,1,BLOCK,BLOCK,BLOCK
13087,8,10,0,0.1603194979014685,1,APPROVE,APPROVE,APPROVE
2971,1603,5,0,0.0007910234613717,0,APPROVE,APPROVE,APPROVE
48655,1718,14,1,0.9999986686754266,1,BLOCK,BLOCK,BLOCK
10432,1136,11,0,0.1519816945941597,0,APPROVE,APPROVE,APPROVE
40487,204,13,0,0.9963587369523172,1,BLOCK,BLOCK,BLOCK
37826,1615,6,0,0.5795477163727814,1,APPROVE,REVIEW,REVIEW
23264,1249,7,0,0.1396997184372223,1,APPROVE,APPROVE,APPROVE
28035,597,3,0,0.0334631220203513,0,APPROVE,APPROVE,APPROVE
24711,1879,12,1,0.9994605334765528,1,BLOCK,BLOCK,BLOCK
217,698,12,0,0.0476325507838383,0,APPROVE,APPROVE,APPROVE
8262,1841,6,0,0.0040716427965998,0,APPROVE,APPROVE,APPROVE
38255,1944,11,0,0.9730255536206204,1,BLOCK,BLOCK,BLOCK
6569,1637,9,0,0.0207497784364323,0,APPROVE,APPROVE,APPROVE
11636,429,4,0,0.0027460368723937,0,APPROVE,APPROVE,APPROVE
42451,326,8,1,0.9998280667119864,1,BLOCK,BLOCK,BLOCK
19218,1896,11,0,0.4676324905726328,0,APPROVE,APPROVE,REVIEW
11103,722,3,0,0.0012342127457237,0,APPROVE,APPROVE,APPROVE
33072,1324,10,0,0.8838772381548897,1,BLOCK,BLOCK,BLOCK
13077,1560,12,0,0.3483184943670009,0,APPROVE,APPROVE,APPROVE
46192,333,11,0,0.9955531331868815,1,BLOCK,BLOCK,BLOCK
40860,918,13,0,0.9961798191125376,1,BLOCK,BLOCK,BLOCK
5882,623,4,0,0.0008639470205317,0,APPROVE,APPROVE,APPROVE
19608,1239,14,0,0.8807925571814536,0,BLOCK,BLOCK,BLOCK
46579,956,14,0,0.999340272460093,1,BLOCK,BLOCK,BLOCK
45759,1307,1,0,0.2121885740627219,0,APPROVE,APPROVE,APPROVE
11791,1522,7,1,0.8607471065044949,1,BLOCK,BLOCK,BLOCK
13096,162,14,0,0.7127928540594711,0,BLOCK,REVIEW,BLOCK
1463,1075,12,1,0.9574600897098072,1,BLOCK,BLOCK,BLOCK
25811,493,11,0,0.8018322192976925,1,BLOCK,BLOCK,BLOCK
27698,1756,13,0,0.9451756658400644,1,BLOCK,BLOCK,BLOCK
19652,264,3,0,0.0070589962550862,0,APPROVE,APPROVE,APPROVE
37530,835,3,0,0.1755805338640731,0,APPROVE,APPROVE,APPROVE
33534,1984,11,1,0.9998131299469182,1,BLOCK,BLOCK,BLOCK
13567,1434,13,0,0.534462070845833,0,APPROVE,REVIEW,REVIEW
43460,1972,8,1,0.999813408576694,1,BLOCK,BLOCK,BLOCK
14666,1463,12,0,0.4257517160044616,0,APPROVE,APPROVE,REVIEW
29322,650,14,0,0.982009341668701,1,BLOCK,BLOCK,BLOCK
1383,265,8,0,0.0050508040501922,0,APPROVE,APPROVE,APPROVE
22059,868,13,0,0.8693194758550249,1,BLOCK,BLOCK,BLOCK
20762,1702,11,0,0.5511287740883527,1,APPROVE,REVIEW,REVIEW
30211,1413,14,1,0.9999533939121334,1,BLOCK,BLOCK,BLOCK
4835,1339,3,0,0.0003265345095761,0,APPROVE,APPROVE,APPROVE
37922,530,2,1,0.9794481516374772,1,BLOCK,BLOCK,BLOCK
24170,1816,8,1,0.992155490324102,1,BLOCK,BLOCK,BLOCK
23511,1299,6,0,0.081266862297024,1,APPROVE,APPROVE,APPROVE
3140,343,3,0,0.0002775496418834,0,APPROVE,APPROVE,APPROVE
41225,348,4,0,0.4765162019174691,0,APPROVE,APPROVE,REVIEW
