amount,account_age_days,velocity_1h,location_mismatch,risk_score,is_fraud
49182,1162,14,0,0.9995892796341427,1
13928,1385,4,1,0.579520830258216,0
47176,566,11,0,0.9961813562425083,1
39101,405,12,0,0.9906158809115228,1
14783,109,12,0,0.4883334164667326,0
33259,583,2,0,0.04804062516336106,0
48916,845,3,0,0.6634328332367021,0
3183,756,2,0,0.00013662001858660304,0
29471,1984,10,0,0.7709062717089128,1
18255,588,4,0,0.009686862771123449,0
307,287,7,0,0.0021403941077771096,0
40645,455,11,0,0.986685635990757,1
23161,271,11,0,0.7144596511249964,1
21268,273,4,0,0.01826144546097054,0
9167,452,11,0,0.13580908572816866,0
46837,544,8,0,0.9723358361431637,1
5387,590,3,0,0.00041299949283499297,0
19430,1636,2,0,0.0028155223377773855,0
9117,1879,3,1,0.20566960777808815,0
28353,1533,6,1,0.9880096301848156,1
23724,852,9,1,0.996179844209436,1
17173,45,10,0,0.2967178972369096,0
18620,13,11,0,0.5181818508064571,1
23025,1261,12,0,0.7973693322335736,1
44817,498,11,0,0.9940250522400863,1
13345,192,8,0,0.050632632242054276,0
8647,1397,14,0,0.4574467501140113,0
8854,1945,4,0,0.001234218519961942,0
9380,662,9,0,0.041522868473199345,0
9762,783,8,0,0.023380132387267983,0
25391,644,8,0,0.3425683853328109,1
40964,1208,3,0,0.2812614378554147,0
35629,495,10,0,0.9352560362992591,1
46993,1195,12,0,0.9976915306910513,1
36866,611,6,0,0.5752838483252932,1
5535,990,2,0,0.000207982774882647,0
22885,436,1,0,0.003547987030549682,0
20227,1468,6,0,0.04326363870703695,1
28064,1666,3,0,0.028225083868134316,0
33497,1109,11,0,0.9424895540198776,1
9442,915,7,0,0.011379632311725597,0
41092,109,10,0,0.9782109493788578,1
289,185,2,0,8.54629537904529e-05,0
43673,1503,7,0,0.8938596314507601,1
37231,1395,8,0,0.822949256937328,1
35423,45,1,0,0.0423187322870183,0
1307,1938,11,0,0.025584247285429608,0
40605,511,4,0,0.43956893665042207,0
21353,1141,11,0,0.6025188269911079,1
10734,179,3,0,0.0012590214691857477,0
39300,886,7,0,0.7990149864058261,1
15266,159,7,0,0.03927170151025872,0
9786,1570,11,0,0.12796217972233312,0
49766,216,1,0,0.41507084398688393,0
31210,1351,5,0,0.17142188022350685,0
16476,1744,9,1,0.9819210408329765,1
8107,1029,4,0,0.0012456852621033634,0
43041,239,11,0,0.9919240806244862,1
24678,699,8,0,0.3098868223811763,1
11971,1611,8,0,0.031050352827197487,0
245,1837,6,0,0.0008521129940419575,0
31008,1313,2,1,0.9152099872982784,1
28101,1076,14,0,0.9756052219576103,1
13035,1563,2,0,0.000817730452507556,0
27580,1760,14,0,0.9698448154895525,1
39008,1463,4,0,0.3281149496244888,0
8887,130,8,0,0.022040366469018004,0
4133,1465,14,0,0.25635120127682337,0
49214,1764,10,0,0.9940129025566354,1
2526,1974,2,0,9.772558532820716e-05,0
37035,1188,5,0,0.39923183394813033,0
23347,1433,1,0,0.0032802201110848964,0
40872,1949,5,0,0.5529789582853972,0
5639,339,10,0,0.04036094987962008,0
48547,1261,1,0,0.3189294085926007,0
25719,975,1,0,0.005624647457894995,0
33691,1498,4,0,0.1464682443841876,0
14315,442,10,0,0.18402888654788374,0
8425,549,1,0,0.00020647685270188635,0
1407,1129,6,0,0.0012055778390185044,0
10549,610,6,1,0.7476233311658621,1
22547,1361,2,0,0.005413054145365043,0
33083,893,11,0,0.9400387140579854,1
34901,1700,9,1,0.9995027105348558,1
9657,1040,6,0,0.00611464249031408,0
31989,1045,7,0,0.4808281194162137,1
38910,1391,6,0,0.638975626067028,1
17437,6,10,0,0.3090151304571802,1
35685,1380,3,1,0.9807282176840982,1
12406,1075,5,0,0.005450871394138161,0
21707,1062,7,0,0.11001455272256377,1
1250,925,13,0,0.1011421162779774,0
43789,371,7,1,0.9997452543016302,1
33819,1610,4,1,0.9848275584288609,1
9535,1943,10,0,0.06423882876023211,0
1234,1099,7,0,0.0022355323343266078,0
29511,1721,8,0,0.4928169742622516,1
42170,307,12,0,0.9949140454422322,1
26741,93,10,1,0.9990227024936829,1
40497,1506,13,0,0.9954718557125932,1
714,795,4,1,0.1030710015897291,0
47419,1424,3,0,0.5714182445496817,0
17758,123,14,0,0.8614528422136063,0
28090,1213,2,0,0.016233750078814085,0
32317,1088,6,1,0.994843638987154,1
41206,480,14,0,0.9982613206026348,1
43321,1712,7,0,0.8835507622996095,1
10782,1779,13,1,0.995782874905158,1
12212,1212,10,0,0.11596642292069087,0
31580,1013,10,1,0.9995563937185008,1
34172,228,12,0,0.9764615477936459,1
335,1016,1,0,3.92080903836895e-05,0
19129,1132,8,1,0.9814787791165612,1
7214,1591,8,0,0.01252284871021212,0
49357,214,2,1,0.9978798061273065,1
7546,741,4,0,0.0011722020273864707,0
36436,1467,9,0,0.882472762022785,1
32519,134,9,0,0.8139744725883293,1
15808,688,10,0,0.22460938274972617,0
42768,1883,8,0,0.9266703555309502,1
8805,892,6,1,0.667533576283606,1
45475,1233,12,0,0.9968760228150665,1
7452,39,13,0,0.30548326772333945,0
44517,204,10,0,0.988548044756959,1
31448,1687,14,1,0.9999616683638117,1
47499,315,5,0,0.8564336974720563,0
5804,1696,1,0,0.00010181232339018358,0
31652,1052,4,0,0.1104922175184789,0
44738,1189,14,0,0.9990165276575743,1
29218,1814,3,0,0.034279988682700796,0
3742,1553,10,0,0.023075950895008124,0
13240,1127,9,1,0.9697195023861811,1
33075,291,3,0,0.08902180034234271,0
37709,17,7,0,0.7714232420004279,1
44857,1697,11,1,0.999980560289121,1
49231,1553,2,0,0.4932147137747301,0
16689,1946,8,0,0.07078715182720074,0
16815,576,10,0,0.26443253416919066,0
23433,1925,6,0,0.07264939575094886,1
6876,1402,13,0,0.23773258474215742,0
885,1009,13,0,0.09361843391347023,0
14582,1194,5,1,0.755545827317233,0
39840,697,7,0,0.8202172141908898,1
15817,1999,5,0,0.009048226142183712,0
2710,1575,10,1,0.8785030674391867,1
15136,1457,3,0,0.00239502946435625,0
46950,1911,2,1,0.9954836948050559,1
30473,1566,6,0,0.2480771796542663,1
38119,1206,4,0,0.3000609595971602,0
28279,979,13,0,0.956588742570506,1
22280,285,2,0,0.006161601574992349,0
3051,1426,4,0,0.00043356969282992307,0
34610,637,5,0,0.312275564968309,0
32215,626,13,0,0.9805895134619795,1
2080,1945,6,0,0.0011974512943725196,0
22062,1961,1,0,0.002334930272334458,0
1928,1859,13,1,0.976318981196106,1
16932,1156,4,0,0.006811260955274573,0
17538,1844,4,0,0.006823677968412398,0
45251,1630,9,0,0.9761649806769598,1
46017,1934,8,0,0.9594347314121743,1
15039,114,11,0,0.3441728240711812,0
41448,1750,1,0,0.09708186548585009,0
37538,419,11,1,0.9999345041895176,1
33927,1360,6,1,0.9960540430491264,1
48538,1188,3,0,0.6333288551253438,0
37076,1514,10,1,0.9998351122021301,1
30686,1577,4,0,0.08598297923934321,0
13593,1297,3,0,0.0018208864713375314,0
8695,582,5,0,0.0028753359822765627,0
23952,1676,7,0,0.14733633181578962,1
12039,1992,1,0,0.00032772058446499364,0
23353,575,14,1,0.9998454062521773,1
41900,1364,6,0,0.7613859994937495,1
1181,1122,10,0,0.01516617367687874,0
27616,1257,12,1,0.9997248871669512,1
34541,429,1,0,0.03366934351686059,0
17187,1153,9,0,0.1550588704584314,0
31716,114,7,0,0.5069456941508061,1
22634,641,6,0,0.0769034993108991,1
38809,614,13,0,0.9945898294149871,1
9696,919,2,0,0.00047487473671266355,0
18433,1873,8,0,0.09786436938018672,0
2127,485,6,0,0.0015475344920027356,0
17130,1156,1,1,0.2776805621535976,0
12597,435,1,0,0.00047590871807910967,0
11926,710,9,0,0.06603288924864079,0
26139,1541,5,0,0.0691635281937106,0
49215,31,4,0,0.8209017406700505,0
38927,305,8,0,0.8862542508441976,1
36009,383,8,1,0.9993882769815412,1
20978,1998,8,0,0.14872648352342213,1
46201,604,13,1,0.9999965975669572,1
36422,1450,1,1,0.9408844329750207,1
45600,255,2,0,0.37351772374995246,0
19119,570,7,0,0.07493002840655552,0
26757,273,3,0,0.02769876327955488,0
29434,597,3,0,0.043536003094852664,0
27010,1174,9,0,0.555319501313407,1
44625,1094,9,0,0.9754203580110663,1
8649,1973,7,0,0.008170456518391687,0
47705,1025,6,0,0.9131842043116783,1
4083,1991,1,0,6.916753069606371e-05,0
19249,1292,11,0,0.49471374196706436,0
255,199,11,0,0.02790443608685452,0
24189,1392,2,0,0.007408989569382312,0
34168,1327,2,0,0.05045611336783521,0
6417,522,1,0,0.00014006457023743018,0
37596,1644,5,0,0.40702311329772173,0
22069,1978,8,0,0.1783082690883528,1
49150,13,13,0,0.9993504018647006,1
35340,56,10,1,0.9998191813261964,1
28897,936,7,1,0.9948650691716393,1
41423,154,8,0,0.9286956587410353,1
44717,1945,7,0,0.9055103792760605,1
45205,109,10,0,0.9901340458771326,1
5203,1123,11,0,0.06067438598512398,0
1367,732,14,0,0.1851736118050459,0
38215,1534,10,0,0.9525712361895335,1
13146,891,12,0,0.37766368624835,0
36432,1709,3,0,0.12902939283272094,0
17740,1757,9,0,0.15580909137264448,0
21174,776,8,1,0.9882314985678522,1
5533,1561,14,0,0.30842634580558953,0
24657,569,10,0,0.625250065450992,1
13271,1856,8,0,0.038129254066313414,0
24917,1577,13,0,0.9116282580764877,1
26824,3,3,0,0.029329875798086456,1
42505,537,6,0,0.8051636721130916,1
18843,1376,10,0,0.3181906719173946,0
48236,1854,11,0,0.9961387611704753,1
46199,848,2,0,0.37740493669793446,0
8170,1315,7,0,0.0083169372332711,0
274,581,5,0,0.0005552477322629074,0
23609,77,11,0,0.7383998036555097,1
39964,1142,4,0,0.3833620540042948,0
9852,858,7,0,0.012436210309911558,0
15585,500,14,0,0.7922375712289174,0
20769,753,4,0,0.015314229850554726,0
6396,1130,1,0,0.0001258246976414194,0
8252,1388,9,0,0.029804059719969606,0
40519,1215,6,0,0.7141170864434834,1
24187,723,7,0,0.17536808177490154,1
28272,1733,6,0,0.17254506492919128,1
37741,1745,8,0,0.8287569630565503,1
16522,1066,12,0,0.5327356898962873,0
10325,1452,4,0,0.0017881862389682469,0
26757,1335,1,0,0.006476999914175868,0
1535,212,5,1,0.22152446710291576,0
37805,511,5,0,0.4642500577005749,0
17300,495,8,0,0.0989398625763758,0
30531,1345,13,1,0.9999173284873616,1
27476,848,9,0,0.5911257289113075,1
34108,580,14,0,0.9929501960544039,1
28541,705,7,0,0.33327073084195297,1
20063,900,1,0,0.001891572908875379,0
42192,39,2,0,0.24102526863853496,0
9046,1114,9,0,0.03622570008940805,0
31389,1771,11,1,0.9997258362983616,1
8435,1575,6,1,0.6245353800038164,1
3910,1307,14,0,0.25315841907299796,0
45843,232,12,0,0.9975452444795729,1
17187,179,2,0,0.002325797956638365,0
31945,1227,8,0,0.6297397644002667,1
9230,490,8,0,0.02217064088125942,0
3838,72,4,0,0.0006361415821147296,0
48331,1545,7,0,0.9541168522000676,1
6530,384,9,0,0.025348457059053756,0
23805,1732,13,0,0.8899178985039875,1
6474,395,2,0,0.0002764293285284846,0
26356,766,5,0,0.08123208586221989,0
5071,779,6,0,0.00261568104727843,0
31235,998,3,1,0.9578759318160631,1
41190,139,4,0,0.48365533652579623,0
41946,1547,3,0,0.30924587431055334,0
30190,588,8,0,0.5735209345321746,1
28245,1877,12,0,0.907744273344708,1
45554,1526,7,0,0.9237748488724389,1
18793,900,1,0,0.0014761457639963678,0
40909,1188,9,1,0.9998591595375956,1
19588,1295,13,0,0.7923661712767666,0
16623,248,7,0,0.04988435109701668,0
48629,608,13,0,0.9992044588401505,1
36344,1226,8,0,0.800853869420415,1
37673,622,7,0,0.7515156281234386,1
15473,1546,3,0,0.00251956722070187,0
27406,663,11,1,0.9995049854592555,1
18199,408,1,0,0.0014286818485525815,0
9227,422,6,0,0.006241837396307785,0
20591,735,6,0,0.0521189002631251,1
1779,1662,11,0,0.029291335501687804,0
18494,122,3,0,0.005773025123616008,0
35005,1513,7,0,0.6067752503920997,1
36587,1870,12,0,0.9805284770102797,1
36827,567,9,0,0.9042336817105582,1
7156,1568,4,0,0.0009441881725845632,0
32010,1114,9,0,0.7703482739461668,1
27308,468,14,0,0.9743371386367073,1
8811,1755,4,1,0.3224039985921196,0
46297,1308,7,0,0.9356599192826647,1
27366,1293,2,0,0.013932968002478393,0
9304,1547,14,0,0.4831142353585102,0
26270,1807,1,0,0.005441181279099714,0
41296,1935,10,0,0.9716540269815308,1
24028,973,1,0,0.004048516388052941,0
36532,615,11,0,0.9699370669897259,1
48094,1985,12,0,0.9978715000096121,1
3854,265,5,0,0.0011791777219013046,0
42742,1259,13,0,0.9971959465372624,1
23119,1445,3,0,0.011333571012251131,0
30675,917,6,0,0.27701611237563095,1
47875,1821,8,1,0.9999232984556944,1
46981,310,6,1,0.9997420113745693,1
47186,1116,2,0,0.412657098087337,0
40700,1410,10,1,0.999920248254578,1
12299,1914,14,0,0.6120545201007995,0
37667,877,1,0,0.05617283380704914,0
23277,1506,6,0,0.07542939513221995,1
18525,181,1,1,0.3733688457911115,0
13246,1840,8,0,0.0380495334062396,0
13361,514,7,0,0.025831657031007118,0
36569,868,11,1,0.9999145749356328,1
6376,224,9,0,0.02527487092431671,0
40885,1082,4,0,0.4292298847451024,0
25647,986,5,0,0.06902876809957559,0
49377,726,13,0,0.9992987710015807,1
10893,344,9,0,0.05790788894898885,0
43325,568,6,0,0.8283539361799233,1
46781,1532,2,0,0.3768924367762783,0
25472,600,6,0,0.12750914538186006,1
8344,1429,4,0,0.0012192339477584105,0
4595,1053,3,0,0.0003270466221013854,0
38111,1186,14,0,0.9964164723548816,1
48638,1511,3,0,0.6251111166757259,0
29475,564,10,0,0.810775867444568,1
6338,802,6,0,0.0033357746010542855,0
29289,342,9,1,0.998817043967723,1
3473,1514,3,0,0.0002428767595826269,0
2590,561,3,0,0.0002402048903916702,0
914,1482,2,0,7.75056156198321e-05,0
719,1162,7,0,0.002000314962403885,0
25451,575,3,0,0.020533899362028683,0
2582,495,5,0,0.0008845477456286744,0
7948,111,6,0,0.005129409083438768,0
5012,556,5,0,0.0014073639040281403,0
47598,254,3,1,0.998422933321306,1
26349,176,9,0,0.5651708171677977,1
43719,1728,14,0,0.9986851540137346,1
21039,383,3,0,0.009055573639839479,0
48420,306,10,0,0.9945362282466368,1
7996,1174,8,0,0.015612824807919761,0
33304,1785,9,1,0.9993106544491067,1
28834,1554,4,0,0.06168652817249677,0
4599,515,6,0,0.002494546532418132,0
3378,479,3,0,0.0002841423780897198,0
18327,365,5,0,0.019302176260171625,0
745,787,1,0,4.416387328393877e-05,0
44180,1367,7,0,0.9049101459341897,1
10247,583,9,0,0.049447493924765155,0
33420,913,1,0,0.025129639720137507,0
33721,439,10,0,0.9094308685772002,1
12285,1893,10,0,0.10598556939483889,0
238,1718,13,0,0.07467315250531693,0
36421,1816,13,0,0.9894719721098991,1
28395,1726,13,0,0.9520585552693933,1
30608,129,12,1,0.9998734257248293,1
19042,518,5,0,0.021580369957104804,0
4877,1069,13,0,0.18247888143974236,0
19970,388,10,0,0.4075492868397723,0
3373,1171,13,0,0.14050536069190728,0
46209,881,4,0,0.6879130774879092,0
45739,57,3,0,0.5475837880354696,0
15123,531,4,0,0.005324229441009146,0
12903,1736,13,0,0.4892463781432401,0
29265,323,10,0,0.8107456109253245,1
29436,433,12,1,0.9998324013836659,1
24317,154,4,0,0.033310091974961216,0
19460,1699,5,0,0.019214164231341993,0
14143,606,7,0,0.029522334474636376,0
44414,1701,12,0,0.9958423130195885,1
30486,434,13,0,0.9738330322483099,1
23916,1391,13,0,0.8974722165185627,1
37274,67,13,0,0.9933509155625956,1
25619,915,10,0,0.6550607347562545,1
10193,894,9,0,0.04655527257433184,0
19526,12,4,0,0.013640586314859749,0
32188,727,2,1,0.9375645976912111,1
21395,1646,2,0,0.004122503890170149,0
9624,1425,11,0,0.1271729437361499,0
19301,1426,2,0,0.002844836538323235,0
15329,554,5,0,0.010493400280997966,0
37723,412,11,0,0.9768266820096593,1
13024,956,4,0,0.003292663672239178,0
45858,1438,8,0,0.9614489926070318,1
42389,252,8,0,0.9392968261385971,1
12604,1908,11,0,0.19383637877485413,0
41998,917,7,0,0.8701826168702592,1
40142,206,5,0,0.5903864637946113,0
20720,1485,1,0,0.001947663771980622,0
48045,518,6,0,0.9245361099862707,1
34487,429,14,0,0.9936151201476505,1
44959,1541,5,0,0.7467326144224247,0
46418,1066,12,0,0.9974732174800127,1
23391,1014,9,0,0.3873440801863506,1
20484,698,11,0,0.5796033999418618,1
26888,1077,5,0,0.08514415179198796,0
39441,1913,2,0,0.1188926571353245,0
15206,499,5,0,0.010341569114817694,0
16638,1142,1,0,0.000930024035460438,0
12187,426,9,0,0.07242159307795065,0
40731,771,7,0,0.8428427284339958,1
14037,1901,11,0,0.24162066590595932,0
5793,548,9,0,0.021429543198035802,0
9603,1724,12,0,0.20854645111065653,0
2468,1835,1,0,5.1787100334455185e-05,0
31533,1220,14,0,0.9870740262150465,1
38760,895,8,0,0.87217276140524,1
14771,1591,10,0,0.16868460916306444,0
26749,963,12,0,0.8955590920992884,1
20814,1414,13,0,0.8261881362537729,1
30258,270,7,1,0.9964797163921462,1
6026,1446,10,0,0.036237216418967516,0
36551,1823,3,0,0.12947273138389653,0
19356,376,7,1,0.970558415450321,1
28504,1171,3,0,0.03328164019350002,0
33684,352,6,1,0.9965106589433883,1
44911,761,1,0,0.20020198072012962,0
8746,45,6,0,0.006057675960217721,0
27148,1859,6,1,0.9840248911084879,1
26244,486,3,0,0.02425122084649186,0
37778,1296,7,0,0.7335938154297582,1
17064,650,13,0,0.7221180949135191,0
34475,600,4,0,0.18893728696429224,0
25960,513,3,0,0.022868448251454555,0
17878,405,11,0,0.46534343483649115,0
2663,1841,13,0,0.11268543867974193,0
35058,1855,13,0,0.9862101435619323,1
35648,1492,2,0,0.06456131797250904,0
30180,156,2,1,0.9178334791538574,1
47739,762,12,0,0.9981453521493467,1
33310,639,1,1,0.9085637376148364,1
25951,317,12,0,0.8911282240319739,1
40005,871,3,0,0.25566567630564047,0
6283,1748,10,0,0.03620382960468392,0
47137,923,13,0,0.9988768073227111,1
14299,1380,13,0,0.5720922652903261,0
23271,1945,13,0,0.875374135544828,1
7946,1108,10,0,0.05478934038771867,0
33070,56,9,0,0.8316043661093953,1
8671,1854,1,0,0.00017364236314981464,0
34506,1746,14,0,0.9920591411776553,1
5927,816,2,0,0.00023127605810448724,0
3932,1324,8,0,0.0069349882602323994,0
37699,970,6,1,0.9982299848068823,1
42237,404,2,0,0.23144463338755256,0
26938,368,6,0,0.1683886220558345,1
3349,9,8,0,0.00772752732820944,1
16144,1855,1,1,0.21970334454905982,0
42517,366,7,0,0.8906633855435448,1
23674,822,6,0,0.09009504864187402,1
6883,150,1,0,0.00016341868579561593,0
17244,654,8,0,0.09561029132149818,0
6919,1011,8,1,0.8323811368881462,1
16943,1953,7,0,0.040176419062051404,0
48619,1037,10,0,0.9940540169769227,1
40586,402,2,0,0.17905836830798758,0
3291,1543,2,1,0.043897544271315196,0
5855,1671,1,0,0.00010326975992780347,0
24517,1636,12,0,0.8317583035171476,1
45900,506,10,0,0.9907820944108626,1
30354,1318,2,0,0.02461911706767986,0
14156,1336,10,0,0.1581560700638782,0
27572,226,3,1,0.926804926508746,1
49245,386,12,0,0.9987031562070146,1
19294,459,2,0,0.0033455928445581726,0
24958,819,4,0,0.03371756844294371,0
20231,1470,7,0,0.07955032801664062,1
26805,1556,2,1,0.8199082729553917,1
27960,758,10,0,0.755071767685837,1
22019,902,10,0,0.48487107593441336,1
45771,679,11,0,0.9948830894554627,1
45509,1598,12,1,0.999991191495917,1
14019,363,2,1,0.3137475735222021,0
34618,1292,9,0,0.8442464043122755,1
22836,1870,12,1,0.9992229267958563,1
15696,982,8,0,0.06879340202904109,0
8892,532,5,0,0.0030133165673270866,0
15178,848,1,0,0.000734888641388723,0
46745,608,13,0,0.9988504262409326,1
40362,725,1,0,0.0937542510703809,0
43584,857,11,0,0.9919351646742514,1
48024,1054,11,0,0.9964847398001524,1
48613,1505,12,0,0.9982266780515856,1
36595,895,7,0,0.7004771393274876,1
11438,1527,4,0,0.002194070445846828,0
23171,992,11,0,0.6892922457293994,1
40870,1379,8,0,0.904727989799,1
799,1996,4,0,0.0002534341671139297,0
34033,321,9,0,0.8507431029662521,1
32502,57,13,0,0.9832913514230592,1
11013,300,4,0,0.0024854434473759856,0
13993,1634,3,0,0.0018595981078967253,0
7010,528,5,0,0.002088736965478278,0
33020,97,8,0,0.7176851111196648,1
35837,34,11,0,0.9688274788621059,1
43101,1770,7,0,0.8780002470252108,1
47157,283,7,0,0.9534303586166748,1
38513,238,4,1,0.9951492174982848,1
16874,618,10,0,0.2652923574095811,0
24463,1513,14,0,0.9479965094693406,1
13091,772,9,0,0.0807685895086501,0
33428,485,5,0,0.2699451166344178,0
46263,189,4,0,0.7146976453847097,0
23375,1717,8,0,0.226504909796161,1
24039,1596,3,0,0.013199849931328136,0
15624,571,14,0,0.791510045661019,0
46982,771,9,0,0.985178178309644,1
38144,1504,1,0,0.055484932393240975,0
49811,763,11,0,0.9976382375513732,1
1232,1090,12,0,0.05399258446174619,0
5918,1750,12,0,0.11316195334081787,0
36675,189,6,0,0.5836220430733122,1
6051,26,11,0,0.08411332540115703,1
31282,984,7,1,0.9967468237921677,1
23011,15,11,0,0.7173237560431025,1
44164,901,12,0,0.9961866237077616,1
33750,1255,4,0,0.15318702791164665,0
18233,1316,7,0,0.05661888487131888,0
35920,283,11,0,0.9680326546102265,1
44039,1829,13,1,0.9999936076218102,1
28831,1152,2,0,0.018909079724912813,0
15474,800,2,0,0.0014986018699529801,0
34691,57,3,0,0.12240095552616086,0
6395,1232,4,0,0.0008613987905345681,0
12552,545,9,0,0.07593755848328233,0
13492,177,8,0,0.05215827114814518,0
951,1326,2,0,8.016146829663218e-05,0
17614,1334,13,0,0.720421250398647,0
22840,78,3,0,0.013502272009395739,0
7797,1045,3,1,0.1872550188450196,0
36977,1568,1,0,0.044206912343648506,0
641,1393,10,0,0.01306092181096411,0
37298,1410,1,0,0.04815027604394007,0
24718,49,1,0,0.005412165050053922,0
31326,409,13,0,0.9778012810206375,1
48300,1997,12,0,0.9979512239149683,1
48615,845,14,0,0.9995651423783889,1
6418,1967,4,0,0.0007639425402706505,0
10333,1283,9,0,0.0448717763807955,0
18988,1755,8,0,0.10981617003850727,0
46137,666,4,0,0.692698228254786,0
24696,1201,2,0,0.008441907945613442,0
48114,1557,6,0,0.9123691596267491,1
44525,660,12,0,0.9965875290259851,1
46920,429,9,0,0.9858334145570694,1
48385,76,10,0,0.9947082544436917,1
39974,230,6,0,0.7263007881659378,1
23601,887,12,1,0.9994335431248081,1
5407,292,4,0,0.000832789199510367,0
32320,1504,14,0,0.9883561131462597,1
12524,803,3,0,0.0016068013102821246,0
12209,304,12,0,0.35820151329226,0
49921,1644,2,0,0.5230773972409525,0
23599,433,14,0,0.9486917100425454,1
6459,1311,14,0,0.3580184385614296,0
4027,506,13,0,0.17215948663695407,0
19603,1191,3,0,0.0059809475143355285,0
26485,1587,13,0,0.9333084852008303,1
41879,1578,3,0,0.30533734326707723,0
11490,478,1,0,0.0003805121384585016,0
27353,390,1,0,0.008525310327380634,0
48751,972,2,0,0.4943799538200749,0
49947,1391,9,0,0.9907282606867315,1
33993,893,2,1,0.9540878397108146,1
6973,1259,5,0,0.0018323464838424502,0
17513,1917,3,0,0.0035224135176711966,0
6084,751,6,0,0.003202112944168527,0
17608,998,6,0,0.028505682717024354,0
46543,1720,13,0,0.9985563030521234,1
39333,1010,9,0,0.9346351697647588,1
5356,982,8,0,0.009682541499542195,0
23355,1005,13,0,0.8933279413907452,1
40015,350,2,0,0.1644342148814609,0
46232,580,2,0,0.3896773225740462,0
16825,1922,7,0,0.039494805023419795,0
22769,1243,1,1,0.5329871278275516,1
18387,970,3,0,0.004900413801427728,0
16753,1591,12,0,0.5218027844622678,0
18484,614,7,0,0.0662995517259742,0
38562,1127,12,0,0.9882424536170185,1
49080,71,10,0,0.9953816075998942,1
4525,72,11,1,0.9621497355924826,1
27217,444,14,0,0.9739916484713821,1
11354,456,1,0,0.00037191254999690296,0
30231,978,12,0,0.9441334936645074,1
9211,893,7,0,0.010922653485918076,0
14457,583,14,0,0.7509660320440469,0
14094,1655,4,0,0.003604211105956616,0
13803,1612,9,0,0.08053024496243698,0
36544,601,6,0,0.5602460890071422,1
14488,137,14,0,0.7659314730164292,0
27513,1873,13,0,0.9421989667204639,1
14253,1002,5,0,0.007900549868495779,0
7391,486,1,0,0.00017049001768556222,0
21744,1987,7,0,0.09619449140724608,1
7169,655,12,0,0.1640429796702636,0
32407,310,3,0,0.07874590407834528,0
44050,1152,7,0,0.9058558470269235,1
24632,1165,10,0,0.600108577888911,1
37258,1782,7,0,0.6961014185595116,1
15187,1282,12,0,0.45844409070687336,0
32398,208,1,0,0.02323538110513654,0
30548,1554,4,0,0.08418563946825704,0
10993,296,8,0,0.03202002902206275,0
5551,688,3,0,0.00041942892365275883,0
12695,226,7,0,0.02386017968444023,0
28869,239,11,0,0.8848271359329237,1
11123,628,3,0,0.0012589313860652323,0
37919,1256,10,0,0.9520835592417549,1
25038,882,13,0,0.9223864492280319,1
14763,109,6,0,0.019182554360252808,0
43832,1899,9,0,0.9673690638993329,1
23290,1235,8,0,0.238117731950986,1
8538,988,13,0,0.3165061634061131,0
36120,1829,6,0,0.4877416154974856,1
19974,540,13,0,0.8238707593962848,0
21620,1809,3,0,0.007974471309258607,0
16558,618,7,0,0.04642660396363056,0
3489,730,13,0,0.15269545225371017,0
6202,943,7,1,0.6956351574263765,1
3400,1882,11,0,0.03838275863569563,0
32579,1351,1,0,0.01989815463783728,0
20766,1792,11,0,0.5475434727242606,1
49912,529,3,0,0.7164715838133134,0
41999,1974,12,0,0.9930358730350249,1
38857,192,7,0,0.8039572209219189,1
36398,1733,14,0,0.9945137509672181,1
40646,1833,3,0,0.24854028889067123,0
26249,1026,4,0,0.04156480671774249,0
24423,924,13,0,0.9127604144521004,1
29033,520,7,0,0.3622007768915168,1
12585,270,13,0,0.5357953928750823,0
32225,1725,14,0,0.9876929341516845,1
27087,692,1,0,0.007695454047624736,0
42836,1721,9,0,0.9617535927241381,1
40019,255,2,0,0.16676868892059674,0
23352,1186,13,0,0.8903097478804084,1
30973,1028,9,0,0.7353708341856392,1
41043,1592,10,0,0.9718924640433603,1
36181,1,5,0,0.40748513533891917,1
5719,1168,6,0,0.0027790840756195885,0
29803,1388,1,0,0.011586697700515871,0
40030,988,11,0,0.9836142884918989,1
40561,308,13,0,0.9963472327703534,1
4460,1882,1,1,0.02772870631215094,0
39438,1150,4,0,0.359039437919235,0
24145,919,13,1,0.9997318812646646,1
15405,688,12,0,0.4941941380427335,0
45658,1952,8,0,0.9564852263551397,1
7883,423,7,0,0.009139640009854674,0
30205,111,14,0,0.9861273462305631,1
23583,3,11,0,0.7398393584295894,1
46658,16,6,0,0.9104797538422139,1
22800,278,2,0,0.006824776661736566,0
42859,1515,10,0,0.9803810582318019,1
23661,1111,11,0,0.7052583581126359,1
18171,96,6,0,0.03676916519633089,0
13621,818,6,0,0.01368072753279343,0
3463,1104,12,1,0.9706902919182859,1
32193,212,4,1,0.9835699716366272,1
34687,954,3,0,0.10689976520456586,0
3404,838,12,0,0.08348919667283516,0
14160,526,13,0,0.6006204015505482,0
40180,1068,11,0,0.9838665107440457,1
15625,330,13,0,0.6743273057190717,0
16399,1953,6,0,0.019318848255489622,0
5205,988,12,1,0.9793761691288543,1
46928,1892,3,0,0.5280287669972574,0
27145,1382,14,1,0.999915555637739,1
6271,32,7,0,0.007139721870196623,0
49845,691,4,0,0.822553688681512,0
9448,738,9,0,0.04153917034598543,0
26486,1857,4,0,0.03795579716239187,0
46940,1066,1,0,0.26116452731624157,0
12928,780,12,0,0.37208387402758025,0
27156,1398,1,0,0.006925142568693083,0
11937,1600,6,0,0.008663062543004035,0
29526,1270,1,0,0.01120190695827939,0
34164,1670,11,0,0.9443735349597479,1
10804,157,14,0,0.6133839537595633,0
1205,40,3,0,0.00020013958346974068,0
3094,577,3,0,0.0002643643349645559,0
33370,54,13,0,0.9858704113415864,1
10626,873,12,0,0.27105180450868716,0
6190,673,10,0,0.042388018557896236,0
29082,551,6,0,0.22991364714816112,1
5630,903,8,1,0.7971876277479838,1
19163,1637,8,0,0.11523183495096309,0
6571,563,2,0,0.00027381027355734874,0
38749,1444,11,1,0.9999385031413861,1
44916,1803,5,0,0.7366083706173985,0
42256,1041,4,0,0.4975260760912112,0
5874,187,9,0,0.023106762372826176,0
33461,669,10,0,0.9017519809537634,1
10203,1025,5,0,0.0035796544108861717,0
14487,1361,5,0,0.0077828963202246386,0
19676,1477,14,0,0.8779212089959745,0
1834,1475,14,1,0.9880282251244846,1
44399,801,7,0,0.9162032069684564,1
24406,1256,2,0,0.007906621814998212,0
29896,1889,9,0,0.6604659214309482,1
36508,144,11,0,0.972053775291599,1
30918,804,10,0,0.8450875420941238,1
29390,1747,7,0,0.33090180302025696,1
9131,1103,3,0,0.000787077267829342,0
20094,1845,2,0,0.003093454188374377,0
8415,1687,14,0,0.4340890720928203,0
9917,530,11,0,0.15224692551464228,0
42980,12,4,0,0.5759651710062024,1
47757,368,11,0,0.9967023754619874,1
37813,1082,10,0,0.9524825104724015,1
13041,1359,5,0,0.005878912982264703,0
13151,1518,5,0,0.005847127464762877,0
22413,1585,8,0,0.19878341746563755,1
14142,228,1,0,0.0006666861830300806,0
34861,676,5,0,0.3214697644039329,0
4904,974,1,0,9.650239676354509e-05,0
34720,1725,13,0,0.9855979507787458,1
28858,1470,3,0,0.03388280980064066,0
771,1208,3,0,0.0001508190422567779,0
23508,1598,10,0,0.5281309070158071,1
5744,1042,6,0,0.002852818581393833,0
40610,1782,10,0,0.968516281147113,1
39324,1412,2,0,0.1255524563572381,0
49493,755,7,0,0.9675775645342417,1
34900,1978,9,0,0.8360289488751961,1
46314,540,13,0,0.9987637687117601,1
42883,668,11,0,0.9910498670614372,1
20315,1799,10,0,0.3668057658487029,1
42076,598,8,0,0.9320892458856271,1
10849,1083,4,0,0.0021084462370148903,0
17550,1367,7,0,0.04948375245751456,0
21412,982,10,0,0.45194341154195217,1
42938,329,13,0,0.9976940404030262,1
47617,82,3,0,0.63505791764924,0
37961,1408,4,0,0.2865559408038064,0
3014,1831,3,0,0.0002104080459035502,0
22515,920,14,0,0.9323033249515501,1
38746,1495,12,0,0.9879313827883265,1
49301,1690,11,0,0.9969483296566198,1
34666,1941,5,1,0.9928239520363249,1
18330,866,6,0,0.03340309573410428,0
26063,1539,10,0,0.6507559765362813,1
31807,1097,1,1,0.8726484970222512,1
23964,1531,12,1,0.9994114811322451,1
48454,68,9,0,0.990086095340966,1
6216,197,14,0,0.39113117201925557,0
6821,572,9,0,0.0259742121714747,0
19267,1895,2,0,0.002610508967526747,0
16187,1073,3,0,0.003137222804194848,0
44049,524,7,1,0.9997515180246759,1
42014,759,3,0,0.3414818543825555,0
31007,656,9,0,0.7487184437794114,1
43653,1213,5,0,0.7071248929317543,0
15987,1927,11,0,0.3171635714926335,0
40351,1716,3,0,0.24153804843829976,0
27000,360,8,1,0.9964615194510179,1
10836,306,10,0,0.10464441850067925,0
27866,1092,8,0,0.4393537036172153,1
18739,46,13,0,0.7997986478794334,0
26023,814,6,0,0.1356741590151951,1
6471,1218,13,0,0.22914338366246884,0
3442,411,13,1,0.9860855966911841,1
23193,1458,7,0,0.1338752638579315,1
11690,1752,8,0,0.02876313531486138,0
42949,1554,3,1,0.9951352167612619,1
10444,733,5,0,0.003941509200865637,0
38310,434,14,0,0.9969643301464177,1
1220,463,7,1,0.4834098706006438,1
36803,1955,10,0,0.9341568186342131,1
48858,1509,3,1,0.9984749296171689,1
48506,429,5,0,0.8769216832074139,0
5455,373,13,0,0.21950572976243754,0
29400,1760,10,0,0.7751357169819655,1
24527,1217,13,0,0.9103944820934443,1
12548,1567,12,0,0.32495573078176887,0
7290,778,7,0,0.0076745330259126,0
38428,543,6,0,0.6503268774510186,1
12863,1332,9,0,0.07099382882724661,0
20159,1388,3,1,0.7092358160064731,1
38167,1213,6,0,0.6120156121874687,1
11403,1933,1,0,0.00029230939810950953,0
2700,1153,11,0,0.037896148782420716,0
44362,990,12,0,0.9962753473718351,1
7068,754,10,1,0.9511969365911735,1
30115,334,11,0,0.9060678828056709,1
43121,221,8,0,0.9472280505717002,1
20000,1642,6,0,0.040305609418332,0
1406,314,3,0,0.00019871197288361301,0
8612,774,7,0,0.009923224267331821,0
1476,1366,4,0,0.00032191820263680396,0
35872,316,11,0,0.967565670724735,1
13176,1662,1,0,0.0004328556219822757,0
11764,471,8,0,0.03599430419023019,0
31107,1773,7,0,0.40788804376508253,1
31431,1978,1,1,0.8457460836578328,1
46860,1067,2,0,0.39928596335746663,0
41028,533,6,0,0.7559658645981258,1
29955,1952,5,0,0.12753032470378242,0
7181,461,10,0,0.05276007885137547,0
24385,1242,1,0,0.004147269812460953,0
438,1131,7,0,0.0019035120698708545,0
46814,429,7,0,0.9491781436240686,1
41873,162,2,0,0.22612554598547763,0
28469,895,11,0,0.8640640342419722,1
13589,344,13,0,0.5810880003242949,0
21736,1874,10,0,0.43027190402454424,1
46719,622,4,0,0.7178974737095871,0
26247,362,2,0,0.013119879328333896,0
9006,1192,5,0,0.002755656624196669,0
4721,1789,7,0,0.003926515232067795,0
15634,114,14,0,0.8043202017237049,0
31458,1434,12,0,0.9521176738087876,1
45680,1445,12,0,0.9968888826280876,1
3731,1254,13,0,0.1473978537557807,0
24454,163,11,0,0.7664457385984162,1
23421,140,9,0,0.42448556207679516,1
33695,173,4,1,0.9877808732151917,1
22540,446,3,0,0.01198084201264698,0
38311,1818,11,0,0.9738610844573578,1
14634,1833,4,0,0.00388547559852627,0
46267,79,4,1,0.9989597676536593,1
40547,1449,2,0,0.1534302999554754,0
28346,720,8,0,0.4783106426643757,1
9377,1717,1,0,0.00020403368300537408,0
44957,892,11,0,0.9937861639143798,1
39182,1130,6,0,0.6611418322954878,1
45840,156,7,1,0.9998355264148079,1
31286,1763,8,0,0.5772030799993394,1
10242,1048,1,0,0.0002706603201420288,0
1955,948,1,1,0.0200614595896838,0
2969,1689,9,0,0.010280528839238244,0
10322,1779,2,0,0.0004638843205596943,0
14589,1052,8,0,0.05552708288922957,0
49858,616,7,0,0.9704279663187103,1
13150,281,4,0,0.003782304462743307,0
34514,364,7,0,0.6300949124074628,1
20556,1623,3,1,0.7169666027484692,1
31274,1321,5,1,0.9875258394001223,1
13522,1547,6,0,0.011879410855481679,0
49238,1611,6,0,0.9278142021659007,1
17668,435,5,0,0.016810334923770875,0
34349,1472,3,1,0.9747351268566343,1
34710,1250,9,0,0.8475206814344741,1
25269,1322,4,0,0.032928846109841696,0
26409,1712,6,0,0.12691608946340657,1
45180,1183,4,1,0.9984491900402805,1
48847,1280,3,0,0.6436761547884728,0
32182,1228,2,0,0.03534837752387245,0
7079,1952,5,0,0.0016635615208421904,0
12676,1095,7,0,0.02058285497839767,0
14968,1793,3,0,0.0021896803205216035,0
45133,653,10,0,0.9890391323552203,1
38501,554,5,0,0.4963971748418492,0
2269,1644,1,0,5.145024890195922e-05,0
33648,1373,4,0,0.14807452817418706,0
504,1431,9,0,0.006656231551306841,0
48809,61,9,1,0.9999751839243822,1
39982,1092,10,0,0.9683390209483708,1
8124,595,5,1,0.49173381320116555,0
29152,1953,2,1,0.8707296397749946,1
23648,393,5,1,0.9542364112179893,1
20180,769,8,0,0.15547976582839568,1
25892,839,7,0,0.2254374872631115,1
8433,460,13,0,0.3316218506540946,0
12793,1089,6,0,0.011141238298067912,0
25570,1879,1,1,0.6392472417635249,1
20219,1626,10,0,0.36926325257506254,1
29530,1261,14,0,0.9808628230035406,1
41705,1759,10,0,0.9745276424950992,1
18646,190,3,0,0.005878405686554552,0
19916,1199,13,0,0.8052884006285315,0
22741,1794,8,0,0.20339451894768593,1
15382,1536,13,1,0.9983499061376455,1
40258,1110,7,0,0.8219369413166412,1
47738,1959,7,0,0.9452405959076438,1
10925,1066,7,0,0.014773356788248551,0
19940,99,10,1,0.9963104864030746,1
22656,1279,10,0,0.5000276100788992,1
30599,574,4,0,0.09880263448463882,0
37866,608,8,0,0.8574333488869215,1
47961,1605,2,1,0.9964778964499106,1
32702,148,13,0,0.9836760196905971,1
47696,1626,6,0,0.9046035273124063,1
27227,453,8,1,0.9965610253568083,1
37811,1938,4,0,0.26281291834447595,0
9947,1354,12,0,0.23082221262544406,0
47292,1043,7,0,0.9486619402547641,1
35392,535,6,0,0.5070103722738935,1
43156,854,7,0,0.8947065589134864,1
27455,1849,2,0,0.012915073604834045,0
32798,565,9,0,0.8111518848206745,1
35617,1883,14,0,0.9934506451859358,1
7729,1292,2,0,0.00030345931560074336,0
3706,1036,11,0,0.04663384568559582,0
28832,1859,7,0,0.30317155544959684,1
39140,1755,6,0,0.6351020740485717,1
7492,828,9,0,0.028290887804217565,0
2759,1481,10,0,0.019347322894254258,0
18475,1935,14,0,0.8402803070310776,0
20752,337,12,0,0.7468892088710939,1
7060,194,1,0,0.00016791644797175496,0
38567,1265,7,0,0.7635977064911627,1
36046,727,2,1,0.9696374489980203,1
32892,697,7,0,0.5396439632028514,1
25692,1515,3,1,0.8756967782865224,1
40703,971,1,0,0.09589748763895092,0
10804,252,9,0,0.05780960185033901,0
23063,372,4,0,0.02532646572893458,0
46676,1364,10,0,0.9908389988594278,1
27090,948,5,0,0.0900492477133866,0
18005,1995,9,0,0.1573228169916273,0
44139,54,2,0,0.316736413786495,0
27269,1516,9,0,0.5535038852829622,1
33034,671,12,0,0.9685557783899958,1
22860,1725,4,0,0.019465887173838643,0
15371,151,4,0,0.005957117023282205,0
36761,286,1,0,0.05222922841329038,0
45102,472,14,0,0.9991888428779336,1
35922,491,3,0,0.14151854224178062,0
9792,1883,12,0,0.2102014303705378,0
23073,122,2,0,0.0073879127027047355,0
7913,299,7,0,0.009386482007681277,0
11361,1395,7,0,0.015208539774146011,0
13705,1357,8,0,0.04485699569881926,0
49316,1338,1,0,0.3494738883330739,0
32530,816,9,0,0.7961697261218958,1
21878,784,1,0,0.0027489164758400086,0
21618,1849,7,0,0.09608693585821988,1
5718,515,10,0,0.03980689710547013,0
9174,305,1,0,0.00024914157624463705,0
46068,237,4,0,0.7051679790029536,0
1114,1357,5,0,0.0005736794629513155,0
12776,1762,11,0,0.20312609966824213,0
43101,125,6,0,0.8327621651203488,1
4332,1796,7,0,0.003635604218090489,0
15685,1334,1,0,0.0007472787525320487,0
19442,1726,7,0,0.06622319143368857,0
26045,945,1,0,0.006023121882031613,0
20929,65,3,0,0.009351183321878093,0
2743,501,3,0,0.00025003053162849306,0
4117,1604,8,0,0.006857550474388821,0
5204,1452,2,1,0.06348140887238121,0
16599,1809,7,0,0.038555931594718186,0
5586,1156,8,0,0.009832035317286337,0
29040,825,9,0,0.6633845678514747,1
23151,187,2,0,0.007419005039377177,0
30237,21,10,0,0.8450364864956016,1
29415,1595,5,0,0.12259968192507112,0
23384,853,4,1,0.9055498303294768,1
6740,778,14,1,0.9958928297590356,1
46785,1720,11,0,0.9949926818881156,1
21486,712,3,0,0.009343813793944592,0
35535,1841,4,1,0.9886758290771941,1
15534,1363,13,1,0.9984444078851143,1
46105,1623,6,0,0.8742193150332479,1
1778,1231,3,0,0.00018292929171416806,0
31996,1684,9,0,0.7522903019473395,1
48579,108,14,0,0.9996135092651177,1
6272,967,9,0,0.021909041370416407,0
26760,1703,10,0,0.6749960855664827,1
9368,250,5,0,0.0034677708210063053,0
8411,276,3,0,0.0007866409209875168,0
23670,1049,7,0,0.15388389284731474,1
44022,532,5,0,0.7444320632229977,0
45196,822,5,0,0.7772239928921683,0
20195,997,5,0,0.02484623324818767,0
10426,508,11,0,0.16606133892076713,0
25332,1125,13,0,0.9235444356917971,1
48896,1927,4,1,0.9991488109937063,1
47298,1171,14,0,0.9994054924076717,1
44457,1574,8,0,0.9487962371923367,1
18789,1623,5,0,0.017106328694525812,0
37581,1230,13,0,0.9923805025195053,1
18589,1239,2,0,0.0025555234970917875,0
23498,650,10,0,0.5674547134938444,1
22268,392,3,0,0.01147057877448133,0
8094,1504,13,0,0.28004652882643016,0
16054,1253,2,0,0.001554389694924819,0
43470,1662,4,0,0.5305160672702639,0
8817,1457,11,0,0.1101262292133062,0
20056,76,13,0,0.8371986923976924,1
47253,1102,1,0,0.2719378130615105,0
44914,294,4,0,0.6539980477850236,0
11680,1692,6,0,0.008115307177198971,0
31081,1946,3,1,0.9494630591434637,1
46513,662,2,0,0.3994834853467319,0
15249,1019,13,1,0.998448446428047,1
30056,1606,12,0,0.9362290562227794,1
48690,618,13,0,0.9992125528996448,1
24372,1918,2,0,0.007026284930531424,0
12460,565,11,0,0.2269429016765216,0
8802,1877,14,0,0.44479556721945573,0
42459,1386,8,0,0.9282752452729525,1
16341,1375,13,0,0.6661050841443864,0
45757,1231,2,0,0.3425424392390716,0
21228,1133,4,1,0.8570869749737077,1
2279,464,14,0,0.2213433659462375,0
4683,1371,13,0,0.1695518648761008,0
41896,1464,2,0,0.1905178499182704,0
41316,1004,14,0,0.9981403942437891,1
49808,940,9,0,0.991170392493747,1
5690,85,6,0,0.003318763387732401,0
3902,1052,8,0,0.007217870752600887,0
7105,1882,14,0,0.36482704628377055,0
22712,233,2,0,0.006760154082646606,0
2668,1379,1,0,5.81829262101858e-05,0
21213,1486,14,0,0.9065292494241837,1
2144,422,10,0,0.0205056843792845,0
23644,1117,12,0,0.8198633931651103,1
16050,1431,13,0,0.6511751010088669,0
31054,1337,12,1,0.9998576244338726,1
34866,388,14,0,0.9941094449322311,1
18945,117,5,0,0.022640509081253365,0
35250,276,9,0,0.8793297137857977,1
19641,559,13,0,0.8137319082871786,0
16506,1463,10,0,0.22549390414112577,0
30206,923,11,0,0.8988436314342406,1
4833,985,11,0,0.05794329970622679,0
33139,1448,4,0,0.13446363914973486,0
21836,1499,11,1,0.9983064611626371,1
23299,1294,5,0,0.042567152810836235,0
33713,325,4,0,0.17374387042711897,0
1592,93,7,1,0.5172747364601119,1
15375,1579,10,0,0.1862124497666253,0
16959,1014,6,0,0.025126638286760133,0
26039,1830,5,0,0.06487701977438957,0
22990,1949,11,1,0.9985411103534307,1
34988,649,4,0,0.20344395908378043,0
10887,1469,9,0,0.048281056876760056,0
16761,243,10,0,0.2734599250607291,0
31110,35,10,0,0.865827515401826,1
39991,381,2,0,0.16307144361999404,0
44669,752,10,0,0.987809837063781,1
44509,919,12,1,0.9999904538599241,1
18950,480,14,0,0.8807965373269566,0
49911,402,9,0,0.9920937918081704,1
16298,593,3,0,0.003476820262775226,0
46584,1782,1,0,0.22600809093226903,0
15538,536,4,0,0.005766940576285008,0
8701,1970,11,0,0.09982700319279948,0
15950,1611,2,0,0.0014335361044660133,0
42819,1506,5,1,0.9986389969055102,1
25081,1390,6,1,0.978030698041583,1
6356,611,13,0,0.2436640519091485,0
35625,1138,11,0,0.961128253454357,1
36512,1360,1,1,0.9426862578956506,1
45703,1871,5,0,0.7632904728817974,0
12751,1817,9,0,0.06442334746071982,0
35873,292,13,0,0.9909368277123936,1
13668,1602,1,1,0.15332606157175388,0
46503,1658,13,0,0.9985601790978381,1
6468,217,7,0,0.007190603999360887,0
18674,1361,9,1,0.9888996128104497,1
46860,1300,9,0,0.9834248870307348,1
44689,1923,4,0,0.5784379850674155,0
12215,1017,2,0,0.000764187811213602,0
11507,1764,6,1,0.7460431221128256,1
19228,236,2,0,0.003429701865914522,0
49950,575,2,0,0.5693885043336979,0
28480,708,8,0,0.48536205633826524,1
48554,1533,9,0,0.9875675889433864,1
24666,1156,4,1,0.9212763507741306,1
47075,74,13,0,0.999015435578673,1
2554,105,10,0,0.023376271997655643,0
37308,134,11,0,0.9760440606242552,1
20718,1232,5,0,0.026404622717793026,0
37726,177,14,0,0.9967428861199435,1
28282,1393,12,0,0.9149573504261418,1
23716,813,9,1,0.9961990142163958,1
954,1699,3,0,0.00014382575066567446,0
32541,486,9,0,0.805439725011594,1
1424,1620,2,0,8.365371421121737e-05,0
49149,1113,8,0,0.9804539984793165,1
22533,1358,14,0,0.9276979629088241,1
46102,1736,14,1,0.9999977997968047,1
25831,1511,14,0,0.9597258049873079,1
27351,1646,9,0,0.5520178519989394,1
41145,688,6,0,0.7553370036460079,1
19269,79,14,0,0.8938227960893166,0
28311,419,11,0,0.8698115579500715,1
21642,1507,13,1,0.9995167724628731,1
2149,920,2,0,0.0001085470021942769,0
25933,1877,6,0,0.1140940070194072,1
5383,1919,5,0,0.0012011893055153748,0
2591,952,7,1,0.5296705168218176,1
1254,1379,13,0,0.09442045071651728,0
16489,732,12,0,0.5452073902409744,0
6933,1214,7,0,0.006653639933948163,0
43003,1274,8,0,0.9361886200524696,1
32662,1461,11,0,0.9291394451110314,1
2069,1449,1,0,5.114027396897395e-05,0
2468,365,2,0,0.00012693657829962907,0
26531,1690,13,0,0.9327791739733722,1
16746,508,11,0,0.4066773312683403,0
19723,326,2,0,0.0037200270228122984,0
2200,1412,14,0,0.19246171701888715,0
49038,557,10,0,0.994945636464081,1
24135,1997,9,0,0.3823230259907119,1
26954,1926,10,0,0.6750225850485609,1
17733,629,6,0,0.031017373159543365,0
5031,1241,2,1,0.06359750741047944,0
21464,1096,11,0,0.6095243658978087,1
3856,159,9,0,0.01576318339393293,0
32908,357,1,0,0.02498703625590465,0
45899,153,6,1,0.9996896019265283,1
4258,139,3,0,0.0003575164355446312,0
45342,324,9,1,0.9999488809083574,1
38045,1655,1,0,0.05317461986026702,0
16773,1190,10,0,0.24316424871145684,0
20864,1089,2,0,0.004084158095210063,0
43139,32,3,0,0.4222941738887503,0
38809,534,2,0,0.13093929183796424,0
17775,340,11,0,0.46307497001808107,0
39356,217,5,0,0.5523003294832143,0
29692,1858,1,0,0.010480862745736548,0
46254,820,1,0,0.243723744232577,0
14924,217,8,0,0.06744509106105484,0
7710,455,9,0,0.03135220919656331,0
12688,1450,13,0,0.49086003378774284,0
26761,1320,8,0,0.3778756239610555,1
10114,351,12,0,0.268765200182998,0
6901,712,7,1,0.7315478296720669,1
34399,328,12,0,0.9770839869093838,1
15148,618,2,0,0.0014501825633580938,0
32352,688,9,0,0.7940348909272401,1
46051,704,11,0,0.9951339626590849,1
40490,1355,6,0,0.7080738952656417,1
7109,1350,8,1,0.8295246040566776,1
25976,651,5,1,0.9692007457624572,1
24942,678,13,0,0.9235117259539666,1
15055,1746,7,1,0.9184821131128207,1
22762,1466,7,0,0.12425124607944812,1
38738,789,13,1,0.9999848879574467,1
3686,363,14,1,0.9930633932590115,1
16388,889,13,0,0.6861631976978592,0
4594,1309,12,0,0.09595518693846683,0
21225,748,4,1,0.8648317883444395,1
44054,26,3,0,0.46670271094961235,1
27670,137,6,0,0.19548675140880833,1
11216,925,13,0,0.4414156886317802,0
42921,171,4,0,0.5665342454170275,0
21061,1550,12,0,0.7184511500752836,1
19655,10,4,0,0.01398892346063998,0
34631,1564,3,0,0.09645756205239445,0
30187,500,12,0,0.9478350115683719,1
46340,1294,4,0,0.6782965748745798,0
41520,235,13,0,0.9970072225599547,1
10899,675,3,0,0.0011954763067952437,0
761,921,6,0,0.0011007541490840808,0
31228,1234,9,1,0.9990579421550152,1
42071,176,13,0,0.9973388418632324,1
21610,1050,8,0,0.1884323106142658,1
14310,1150,11,0,0.27626876749563517,0
9327,1749,11,0,0.11514513853409977,0
22418,681,14,0,0.933651718072722,1
39130,623,5,0,0.5242078755135781,0
9255,613,5,0,0.0031903232225026423,0
23933,883,13,0,0.9054183367097329,1
7266,658,9,0,0.027871445890720763,0
41852,1902,3,0,0.2927133041642176,0
38000,802,7,0,0.7577050615063103,1
43188,447,9,0,0.9709606124824779,1
6550,1854,14,0,0.34112755471728545,0
36288,969,2,0,0.07874495170644216,0
37165,1280,5,1,0.996052338426906,1
11800,54,10,0,0.12837876631296452,0
12975,281,10,1,0.9853052407397194,1
43627,710,4,0,0.5779560288254836,0
34139,1233,14,0,0.9921782199195833,1
43898,1945,5,0,0.6910914221345864,0
20552,1722,8,1,0.9844556226826945,1
41962,746,13,0,0.9970065619821232,1
3812,148,11,0,0.0548713393709136,0
15992,1938,14,1,0.9991786135521107,1
45213,930,10,0,0.9886941867900081,1
7353,1320,14,0,0.3987561808727457,0
18808,1551,3,0,0.004822041238365172,0
35319,1639,6,0,0.45673843275175136,1
47168,1650,5,0,0.8168001793700792,0
2343,732,5,0,0.0008109521341950703,0
30754,482,11,0,0.9142303683524691,1
47556,1433,6,0,0.9050644257253845,1
16546,384,3,0,0.0037801590768552894,0
21500,1678,6,0,0.05300760643016112,1
43046,840,14,0,0.9987098469770906,1
7500,1613,14,0,0.39374565389141236,0
33842,610,13,1,0.999961805808923,1
2098,943,2,1,0.03869530504307537,0
2025,949,14,0,0.19944091521662816,0
20630,6,3,0,0.008912661868335711,1
45065,1772,10,1,0.9999638874563127,1
30700,472,8,0,0.6024425477236169,1
4737,1832,9,0,0.014124308910511483,0
16631,415,2,0,0.002004938590627509,0
48253,897,14,0,0.9995291200335742,1
6250,591,4,0,0.0009334093659831709,0
36312,1206,4,0,0.2313994414667126,0
2436,187,1,0,6.805920764785053e-05,0
39171,1106,13,0,0.994521358059773,1
18988,643,12,0,0.6648941848390675,0
35896,653,13,0,0.9904128856399211,1
7561,1299,6,0,0.0038924921340547803,0
38496,579,3,0,0.2117800094470508,0
26600,853,14,0,0.9687183182296563,1
39432,589,9,0,0.9399663619590859,1
8073,1528,12,0,0.16802237381836277,0
13174,524,14,0,0.7032547078479566,0
3536,1702,2,0,0.00012468720651732655,0
31878,1877,14,1,0.9999636060662461,1
10158,596,8,0,0.026006868676960795,0
38198,718,13,0,0.9937995244458779,1
18384,1717,5,0,0.015577822440872312,0
1928,871,9,0,0.009641088392012684,0
17549,1486,12,0,0.5648229153842443,0
16435,328,9,0,0.15412404622702316,0
13495,343,6,0,0.01445617012334561,0
22363,986,3,1,0.8007394335674217,1
24865,302,1,0,0.005336475954686078,0
7757,663,4,0,0.0012377753931123486,0
15302,1258,9,0,0.11086412735721969,0
1467,1142,5,0,0.0006374738197631737,0
17119,1231,9,0,0.15161487943925714,0
37365,195,5,0,0.4561864148610809,0
30306,181,4,0,0.09963826032493622,0
33887,554,10,0,0.9104928504824056,1
869,942,11,0,0.027744033781425575,0
1241,616,7,0,0.0024292300461906677,0
28799,628,8,0,0.5043476380726802,1
30306,1115,8,0,0.5571333828138084,1
41343,628,6,1,0.9991802617249395,1
33928,833,9,1,0.9994807406340228,1
32282,1082,12,1,0.9998927590739095,1
32513,1660,3,0,0.0649035780492542,0
21727,127,14,0,0.9310543989482524,1
28672,989,1,1,0.7907987455130044,1
6952,1144,7,1,0.7189369160151654,1
7546,191,14,0,0.4547697600645977,0
2032,318,5,0,0.0008185972945457742,0
33940,1303,3,1,0.9734397670571489,1
35340,1167,13,1,0.9999686824707956,1
26490,41,10,0,0.7231115187742779,1
19631,1829,9,0,0.20881031550701198,0
26034,1896,13,0,0.9240044192419199,1
2569,1271,4,0,0.0004050858825777742,0
44964,1635,3,0,0.443170804984452,0
16754,1876,13,1,0.9986629413867663,1
8633,1772,1,0,0.00017477025271736535,0
27056,1807,4,0,0.042587419474605585,0
35347,1084,3,1,0.9804253270729673,1
43504,1782,4,0,0.5271017073228677,0
25379,492,4,0,0.038507441347031,0
23216,1746,3,0,0.010979687880246005,0
40064,288,7,1,0.9994796668560352,1
20711,785,4,0,0.015063369779395234,0
29859,1491,4,1,0.9682826596946494,1
6681,546,13,1,0.9923957521595477,1
3480,381,10,0,0.026646705603514786,0
16294,6,1,0,0.0010541382438549695,0
27336,944,3,0,0.02768358948738728,0
38620,340,12,0,0.9898115221288708,1
13665,993,7,0,0.025289092023817586,0
29825,157,9,0,0.7201576314694852,1
22027,1196,2,1,0.6552707507283804,1
47007,1723,3,0,0.5390074019721067,0
48663,1190,6,0,0.9250157312818302,1
34037,286,8,0,0.7502338796382723,1
15692,1324,13,0,0.6393024172708095,0
27623,1787,1,0,0.0071017484697029854,0
21952,1839,6,0,0.056159633075622224,1
21974,932,2,0,0.005205492840536861,0
1691,936,11,0,0.0324580135587624,0
25775,960,9,0,0.5042345143705719,1
17711,382,12,0,0.6176745451117199,0
43685,396,6,0,0.8420536291987918,1
6497,1506,9,0,0.02091575222739051,0
1107,947,2,0,8.813122265943465e-05,0
47380,1253,7,0,0.947758078705327,1
37597,758,12,0,0.9866826413936319,1
22531,1344,10,0,0.49116045455294327,1
28347,869,3,0,0.03394803678204099,0
16744,1677,14,0,0.7966553133288088,0
5241,471,3,0,0.00040955774010034224,0
25068,1979,10,0,0.5873768358797091,1
25951,1878,5,0,0.06335580186166667,0
44995,1093,3,0,0.467467681890317,0
14473,170,8,0,0.06257032414530034,0
48464,1185,1,0,0.3182036442529522,0
25576,1190,11,0,0.7744493401114947,1
22573,1724,4,0,0.01842596588109183,0
35370,270,14,0,0.9947647125040182,1
29729,1625,10,1,0.999293376765131,1
6743,521,7,0,0.00720650457195091,0
41194,785,5,1,0.998345557679483,1
40691,917,5,0,0.5871868218112906,0
33081,1117,11,0,0.9378383220599043,1
23952,1436,6,0,0.08609766693095548,1
22163,29,11,0,0.6820038892053705,1
19229,384,6,0,0.042796755322209584,0
23389,1540,3,0,0.011752199933556704,0
28853,682,11,0,0.876607934824737,1
1999,1359,12,0,0.05957948822739841,0
48931,83,10,0,0.995236048002853,1
32284,880,10,0,0.8755399789717433,1
34221,936,4,0,0.1731312266228047,0
20681,288,6,0,0.05693178870498025,1
2361,1465,12,0,0.06260890587555365,0
35528,768,3,0,0.12710795995165602,0
49941,951,10,0,0.9954687799439194,1
1115,1292,6,0,0.0011077166692628117,0
30602,855,11,1,0.9997262295962246,1
25151,1236,14,0,0.956252273430287,1
297,104,10,0,0.015162653589737228,0
39749,83,10,1,0.9999233037381837,1
14537,1333,14,1,0.9990148529297177,1
31412,259,8,0,0.6436023913672994,1
45191,876,13,0,0.9983704545507729,1
18147,678,14,0,0.8592844587612262,0
5152,1448,12,0,0.10363824142467902,0
13480,1820,1,0,0.0004472193656275981,0
39410,1507,13,1,0.9999850331469043,1
23663,698,2,0,0.0075188545107256815,0
798,877,13,0,0.09407529734656843,0
10931,1787,14,0,0.5522928540844543,0
25438,1224,6,0,0.11551057310119489,1
28903,1421,12,0,0.9236096109571299,1
17434,808,1,0,0.0011497768145883262,0
8911,314,12,0,0.2261976458003459,0
8635,74,1,0,0.00023317685915394374,0
11838,1175,4,0,0.0025177578557510315,0
2150,60,10,0,0.021800874483244304,0
35588,244,13,0,0.9904991859872637,1
262,659,14,0,0.1563792202132716,0
23232,1933,14,0,0.9302828627030055,1
4758,882,2,0,0.00018196800002310976,0
21742,657,10,0,0.4817189001284393,1
49204,937,3,0,0.6724647386787939,0
24158,278,4,0,0.031671741870188785,0
34417,285,5,0,0.3170097277999319,0
10496,610,13,1,0.9963403052177149,1
44671,1122,7,0,0.9161075580940988,1
2900,804,2,0,0.0001282165703070217,0
29021,1205,10,0,0.7786035283558576,1
20413,493,10,0,0.42426938741489273,1
18852,1412,4,0,0.009468759646925997,0
27176,463,2,1,0.8549131768936274,1
29586,237,1,0,0.013473473117884611,0
15746,224,9,0,0.13946597264722613,0
40918,780,5,0,0.6034787868416536,0
45687,1215,11,0,0.9943065899035846,1
44998,1752,12,0,0.9962573083699948,1
29138,16,4,0,0.0830426845841116,1
7395,1488,3,0,0.0005251888326389294,0
6506,1168,8,0,0.011723958356471718,0
20770,1625,1,0,0.0019207040445751392,0
13099,798,12,0,0.3792116905036076,0
37039,188,14,0,0.9962692943200975,1
20078,1579,11,1,0.9975806560514031,1
34646,171,10,0,0.9264281750589436,1
34984,876,7,0,0.6312793966993047,1
17529,1782,6,1,0.904854477073283,1
37198,1021,12,0,0.9849710800568754,1
24171,510,12,0,0.8483149628976167,1
41969,1493,1,0,0.11060367348800784,0
12054,19,7,0,0.021845878370994824,1
626,1372,12,0,0.0460995528203758,0
28330,1963,14,0,0.9729602774661016,1
26393,1752,5,0,0.07006320331502769,0
34019,1138,8,0,0.7214839856625617,1
44623,1381,1,1,0.9876662417604213,1
16471,1184,11,0,0.3667562965382514,0
28376,1585,6,0,0.17912987905912445,1
31652,197,8,0,0.656670033006986,1
29498,818,2,0,0.022711279207471242,0
24829,1360,12,0,0.8463133146279477,1
4424,960,1,0,8.806462819884735e-05,0
33326,457,8,0,0.7174398782981773,1
30175,1186,10,0,0.815548170707134,1
9616,476,14,0,0.5436639731617863,0
2496,1974,10,0,0.016944559356023212,0
40485,589,12,0,0.9925995553742751,1
9960,493,2,0,0.0005374709924539104,0
21827,1106,3,0,0.009342598902813486,0
48015,872,7,0,0.9563545366547633,1
14396,1127,3,0,0.002192051366745889,0
46464,1969,11,1,0.9999851328555583,1
43742,1623,4,1,0.9977877945506203,1
31049,1097,6,0,0.2856323103540323,1
5995,1112,10,1,0.9369881787510193,1
17827,1192,1,0,0.001163333280936209,0
46386,257,1,0,0.2667713222080262,0
10678,1790,13,0,0.3805175734561419,0
34932,1949,5,0,0.2790762158180617,0
22076,1153,11,0,0.6353742114055908,1
21876,881,12,0,0.7702385636543154,1
44354,809,3,0,0.448306932011718,0
38004,135,14,0,0.9969365546077462,1
45146,560,12,0,0.9970273310809936,1
38659,690,3,0,0.21396724790478322,0
28554,19,10,0,0.7969538053582602,1
10682,256,7,1,0.8604856744362334,1
28810,276,7,0,0.36168555789264395,1
12777,1851,1,0,0.00038774817347176835,0
1767,922,9,0,0.009265284784345847,0
31216,1511,12,1,0.9998579334179059,1
23425,390,12,0,0.8314436841283491,1
13607,1811,14,0,0.674640351286662,0
20009,954,11,0,0.5460749892999056,1
10856,1049,11,1,0.9867191472120498,1
47059,488,2,1,0.9965233501098233,1
12051,1421,11,0,0.18987367054011994,0
27816,336,14,0,0.977211715205718,1
26192,831,12,0,0.8871820901701323,1
23379,1716,13,0,0.8817698686331003,1
45575,743,14,0,0.9992257062328846,1
35759,171,11,0,0.9676437875670654,1
6354,1399,7,0,0.005762898689043251,0
37923,553,9,0,0.9214280698895245,1
18188,1814,1,0,0.0011234893852816047,0
24445,1750,9,0,0.40680814831859985,1
32301,1395,12,0,0.9593568682000773,1
18810,464,7,0,0.0720397077815085,0
11525,1348,14,0,0.5988252588201542,0
37605,893,8,0,0.8448476483155272,1
29399,1877,9,0,0.6388097279585653,1
9610,384,14,0,0.5472417247548428,0
8225,1468,10,0,0.054454169528657,0
20244,1063,1,0,0.0019062702915266317,0
45180,1002,12,0,0.9968178204191445,1
26169,203,1,0,0.006991752247201041,0
35163,1644,11,0,0.9539840930003008,1
33013,1432,7,0,0.5144744583085346,1
18689,1535,12,1,0.9983493503591014,1
489,1281,10,1,0.8311507668024825,1
33220,383,8,0,0.7157785016008892,1
22152,957,12,0,0.7774295830604989,1
35398,209,9,1,0.9996495455165461,1
47399,902,1,0,0.28448203539751443,0
34660,608,9,0,0.859892167126051,1
11211,781,1,0,0.00034226930007282577,0
39987,4,4,0,0.4309953384868265,1
44586,1699,11,0,0.9923495407602136,1
43864,394,14,0,0.9989804103387937,1
13087,8,10,0,0.16031949790146852,1
2971,1603,5,0,0.0007910234613717689,0
48655,1718,14,1,0.9999986686754266,1
10432,1136,11,0,0.1519816945941597,0
40487,204,13,0,0.9963587369523171,1
37826,1615,6,0,0.5795477163727814,1
23264,1249,7,0,0.1396997184372223,1
28035,597,3,0,0.033463122020351344,0
24711,1879,12,1,0.9994605334765527,1
217,698,12,0,0.04763255078383831,0
8262,1841,6,0,0.004071642796599806,0
38255,1944,11,0,0.9730255536206205,1
6569,1637,9,0,0.020749778436432314,0
11636,429,4,0,0.0027460368723937977,0
42451,326,8,1,0.9998280667119864,1
19218,1896,11,0,0.46763249057263284,0
11103,722,3,0,0.001234212745723746,0
33072,1324,10,0,0.8838772381548897,1
13077,1560,12,0,0.34831849436700096,0
46192,333,11,0,0.9955531331868815,1
40860,918,13,0,0.9961798191125377,1
5882,623,4,0,0.0008639470205317145,0
19608,1239,14,0,0.8807925571814536,0
46579,956,14,0,0.999340272460093,1
45759,1307,1,0,0.21218857406272199,0
11791,1522,7,1,0.8607471065044949,1
13096,162,14,0,0.7127928540594711,0
1463,1075,12,1,0.9574600897098071,1
25811,493,11,0,0.8018322192976925,1
27698,1756,13,0,0.9451756658400643,1
19652,264,3,0,0.007058996255086261,0
37530,835,3,0,0.1755805338640731,0
33534,1984,11,1,0.9998131299469182,1
13567,1434,13,0,0.534462070845833,0
43460,1972,8,1,0.999813408576694,1
14666,1463,12,0,0.42575171600446166,0
29322,650,14,0,0.982009341668701,1
1383,265,8,0,0.005050804050192224,0
22059,868,13,0,0.8693194758550249,1
20762,1702,11,0,0.5511287740883527,1
30211,1413,14,1,0.9999533939121334,1
4835,1339,3,0,0.0003265345095761572,0
37922,530,2,1,0.9794481516374771,1
24170,1816,8,1,0.9921554903241019,1
23511,1299,6,0,0.081266862297024,1
3140,343,3,0,0.0002775496418834383,0
41225,348,4,0,0.4765162019174691,0
